[{"model": "wagtailembeds.embed", "pk": 1, "fields": {"url": "https://www.youtube.com/watch?v=6fhWbIc5XzM", "max_width": null, "type": "video", "html": "<iframe width=\"459\" height=\"344\" src=\"https://www.youtube.com/embed/6fhWbIc5XzM?feature=oembed\" frameborder=\"0\" allow=\"autoplay; encrypted-media\" allowfullscreen></iframe>", "title": "Python venv made easy", "author_name": "John Barnes", "provider_name": "YouTube", "thumbnail_url": "https://i.ytimg.com/vi/6fhWbIc5XzM/hqdefault.jpg", "width": 459, "height": 344, "last_updated": "2018-01-11T13:43:01.099Z"}}, {"model": "wagtailcore.site", "pk": 2, "fields": {"hostname": "localhost", "port": 80, "site_name": null, "root_page": 1, "is_default_site": true}}, {"model": "wagtailcore.collection", "pk": 1, "fields": {"path": "0001", "depth": 1, "numchild": 0, "name": "Root"}}, {"model": "contenttypes.contenttype", "pk": 1, "fields": {"app_label": "wagtailcore", "model": "page"}}, {"model": "contenttypes.contenttype", "pk": 2, "fields": {"app_label": "home", "model": "homepage"}}, {"model": "contenttypes.contenttype", "pk": 3, "fields": {"app_label": "wagtailimages", "model": "image"}}, {"model": "contenttypes.contenttype", "pk": 4, "fields": {"app_label": "wagtailadmin", "model": "admin"}}, {"model": "contenttypes.contenttype", "pk": 5, "fields": {"app_label": "wagtaildocs", "model": "document"}}, {"model": "contenttypes.contenttype", "pk": 6, "fields": {"app_label": "puput", "model": "blogpage"}}, {"model": "contenttypes.contenttype", "pk": 7, "fields": {"app_label": "puput", "model": "category"}}, {"model": "contenttypes.contenttype", "pk": 8, "fields": {"app_label": "puput", "model": "categoryentrypage"}}, {"model": "contenttypes.contenttype", "pk": 9, "fields": {"app_label": "puput", "model": "entrypage"}}, {"model": "contenttypes.contenttype", "pk": 10, "fields": {"app_label": "puput", "model": "entrypagerelated"}}, {"model": "contenttypes.contenttype", "pk": 11, "fields": {"app_label": "puput", "model": "tagentrypage"}}, {"model": "contenttypes.contenttype", "pk": 12, "fields": {"app_label": "taggit", "model": "tag"}}, {"model": "contenttypes.contenttype", "pk": 13, "fields": {"app_label": "puput", "model": "tag"}}, {"model": "contenttypes.contenttype", "pk": 14, "fields": {"app_label": "wagtailforms", "model": "formsubmission"}}, {"model": "contenttypes.contenttype", "pk": 15, "fields": {"app_label": "wagtailredirects", "model": "redirect"}}, {"model": "contenttypes.contenttype", "pk": 16, "fields": {"app_label": "wagtailembeds", "model": "embed"}}, {"model": "contenttypes.contenttype", "pk": 17, "fields": {"app_label": "wagtailusers", "model": "userprofile"}}, {"model": "contenttypes.contenttype", "pk": 18, "fields": {"app_label": "wagtailimages", "model": "rendition"}}, {"model": "contenttypes.contenttype", "pk": 19, "fields": {"app_label": "wagtailsearch", "model": "query"}}, {"model": "contenttypes.contenttype", "pk": 20, "fields": {"app_label": "wagtailsearch", "model": "querydailyhits"}}, {"model": "contenttypes.contenttype", "pk": 21, "fields": {"app_label": "wagtailcore", "model": "grouppagepermission"}}, {"model": "contenttypes.contenttype", "pk": 22, "fields": {"app_label": "wagtailcore", "model": "pagerevision"}}, {"model": "contenttypes.contenttype", "pk": 23, "fields": {"app_label": "wagtailcore", "model": "pageviewrestriction"}}, {"model": "contenttypes.contenttype", "pk": 24, "fields": {"app_label": "wagtailcore", "model": "site"}}, {"model": "contenttypes.contenttype", "pk": 25, "fields": {"app_label": "wagtailcore", "model": "collection"}}, {"model": "contenttypes.contenttype", "pk": 26, "fields": {"app_label": "wagtailcore", "model": "groupcollectionpermission"}}, {"model": "contenttypes.contenttype", "pk": 27, "fields": {"app_label": "wagtailcore", "model": "collectionviewrestriction"}}, {"model": "contenttypes.contenttype", "pk": 28, "fields": {"app_label": "taggit", "model": "taggeditem"}}, {"model": "contenttypes.contenttype", "pk": 29, "fields": {"app_label": "admin", "model": "logentry"}}, {"model": "contenttypes.contenttype", "pk": 30, "fields": {"app_label": "auth", "model": "permission"}}, {"model": "contenttypes.contenttype", "pk": 31, "fields": {"app_label": "auth", "model": "group"}}, {"model": "contenttypes.contenttype", "pk": 32, "fields": {"app_label": "auth", "model": "user"}}, {"model": "contenttypes.contenttype", "pk": 33, "fields": {"app_label": "contenttypes", "model": "contenttype"}}, {"model": "contenttypes.contenttype", "pk": 34, "fields": {"app_label": "sessions", "model": "session"}}, {"model": "sessions.session", "pk": "c6jkzsqofsfjnugjnwygeip5f7o0cy8j", "fields": {"session_data": "ZjEwMzdjYzc0YmFiOTM5NjIyZjQ2NzhkODk2OGE4MTNmZjQxZGVkMzp7Il9hdXRoX3VzZXJfaWQiOiIyIiwiX2F1dGhfdXNlcl9iYWNrZW5kIjoiZGphbmdvLmNvbnRyaWIuYXV0aC5iYWNrZW5kcy5Nb2RlbEJhY2tlbmQiLCJfYXV0aF91c2VyX2hhc2giOiJhZTI1OWVlMDdiYWJmMGM3NjUyMDcxZTEyNmM0OGI1NWFkNDUwYzk2In0=", "expire_date": "2018-01-25T15:56:22.731Z"}}, {"model": "sessions.session", "pk": "eh4akhlle5y3sy8liaxh6d8jy1cpc5ut", "fields": {"session_data": "Y2M2ZDFjZjM0MDJiYzcwYTc5M2FhNzFmMjk2MGE3ZjdlMzhmYzBjNTp7Il9hdXRoX3VzZXJfaWQiOiIxIiwiX2F1dGhfdXNlcl9iYWNrZW5kIjoiZGphbmdvLmNvbnRyaWIuYXV0aC5iYWNrZW5kcy5Nb2RlbEJhY2tlbmQiLCJfYXV0aF91c2VyX2hhc2giOiI1OTdkMjBlZDNkYjhhMGExNjNkNDJiZWRjZDM3OGIyMjUxNDk1MWMyIiwid2FndGFpbC1wcmV2aWV3LTkiOlt7ImNzcmZtaWRkbGV3YXJldG9rZW4iOlsiRFNqZ2NoZVgzc0FjbTd4SGVpalp1cTJvVmQ3aEE2UndJYTZ5ZkZyWEhxQ3c4VU02akZFUms5aDVZQ1k2aFkxdyJdLCJuZXh0IjpbIiJdLCJ0aXRsZSI6WyJDcmFzIHZlc3RpYnVsdW0gdmVsIGp1c3RvIGV1IG1heGltdXMyIl0sImhlYWRlcl9pbWFnZSI6WyIiXSwiZXhjZXJwdCI6WyI8cD5DcmFzIHZlc3RpYnVsdW0gdmVsIGp1c3RvIGV1IG1heGltdXMuIER1aXMgYWNjdW1zYW4gdGVsbHVzIGRpYW0sIGEgcG9ydGEgbWFnbmEgbWF4aW11cyBzZWQuIEM8L3A+Il0sIm5ld19ib2R5LWNvdW50IjpbIjYiXSwibmV3X2JvZHktMC1kZWxldGVkIjpbIiJdLCJuZXdfYm9keS0wLW9yZGVyIjpbIjAiXSwibmV3X2JvZHktMC10eXBlIjpbInBhcmFncmFwaCJdLCJuZXdfYm9keS0wLWlkIjpbIjEzZGUzNmMwLTZlOTUtNDg5MC1iOGQ2LWY1ZDNhM2E4NDhkMyJdLCJuZXdfYm9keS0wLXZhbHVlIjpbIjxwPlZpdmFtdXMgYmliZW5kdW0gYXVjdG9yIGxpYmVybywgbm9uIGVnZXN0YXMgcHVydXMgbWFsZXN1YWRhIHBlbGxlbnRlc3F1ZS4gQ3VyYWJpdHVyIGNvbmRpbWVudHVtIGN1cnN1cyBuaXNpIGF0IHBvc3VlcmUuIFV0IGF0IGxhY2luaWEgZGlhbS4gVml2YW11cyBkb2xvciBqdXN0bywgc2NlbGVyaXNxdWUgYXQgZmF1Y2lidXMgYWMsIHRlbXBvciBldCBuZXF1ZS4gU3VzcGVuZGlzc2UgZWdldCBuaXNpIGF0IG5lcXVlIGVmZmljaXR1ciBmZXVnaWF0LiBNYWVjZW5hcyBtb2xlc3RpZSBhcmN1IG5pc2ksIGF0IGxhY2luaWEgbWFnbmEgbW9sbGlzIHV0LiBDdXJhYml0dXIgY3Vyc3VzIGFyY3UgdmVsIGFyY3UgY29uc2VjdGV0dXIsIHV0IGVnZXN0YXMgZG9sb3IgbW9sZXN0aWUuIE1vcmJpIGV1IGVnZXN0YXMgbGFjdXMuIE1hZWNlbmFzIGlhY3VsaXMgbWkgdXQgc2VtIGZpbmlidXMgZmFjaWxpc2lzLiBWZXN0aWJ1bHVtIGFudGUgaXBzdW0gcHJpbWlzIGluIGZhdWNpYnVzIG9yY2kgbHVjdHVzIGV0IHVsdHJpY2VzIHBvc3VlcmUgY3ViaWxpYSBDdXJhZTsgRHVpcyBuZWMgc2FnaXR0aXMgZXguIE51bGxhbSBmYWNpbGlzaXMgZW5pbSBmYXVjaWJ1cyBsdWN0dXMgZWxlaWZlbmQuIE1hdXJpcyB1dCBsaWd1bGEgbmVjIGVsaXQgcnV0cnVtIHBoYXJldHJhIHNpdCBhbWV0IGVnZXQgb3JjaS4gU3VzcGVuZGlzc2UgYSBmaW5pYnVzIGxlY3R1cy48L3A+Il0sIm5ld19ib2R5LTEtZGVsZXRlZCI6WyIiXSwibmV3X2JvZHktMS1vcmRlciI6WyIxIl0sIm5ld19ib2R5LTEtdHlwZSI6WyJlbWJlZCJdLCJuZXdfYm9keS0xLWlkIjpbIjMwOGVhYWFkLTU5OGEtNDE3Yi1hMjQzLTIxZTc3NWQ3NTQ5ZSJdLCJuZXdfYm9keS0xLXZhbHVlIjpbImh0dHBzOi8vd3d3LnlvdXR1YmUuY29tL3dhdGNoP3Y9NmZoV2JJYzVYek0iXSwibmV3X2JvZHktNS1kZWxldGVkIjpbIiJdLCJuZXdfYm9keS01LW9yZGVyIjpbIjIiXSwibmV3X2JvZHktNS10eXBlIjpbInBhcmFncmFwaCJdLCJuZXdfYm9keS01LWlkIjpbIiJdLCJuZXdfYm9keS01LXZhbHVlIjpbIjxwPnNvZW0gdGVzdCBhc2ZkYXNkbGhqYXNkZmtqaHNhZGZramhhc2Rma2xoPC9wPjxwPjxicj48L3A+PHA+PGJyPjwvcD48cD48ZGl2IGNsYXNzPVwiZW1iZWQtcGxhY2Vob2xkZXIgcmljaC10ZXh0LWRlbGV0YWJsZVwiIGNvbnRlbnRlZGl0YWJsZT1cImZhbHNlXCIgZGF0YS1lbWJlZHR5cGU9XCJtZWRpYVwiIGRhdGEtdXJsPVwiaHR0cHM6Ly93d3cueW91dHViZS5jb20vd2F0Y2g/dj02ZmhXYkljNVh6TVwiPjxhIGNsYXNzPVwiaWNvbiBpY29uLWNyb3NzIHRleHQtcmVwbGFjZSBkZWxldGUtY29udHJvbFwiPkRlbGV0ZTwvYT5cclxuICAgIDxoMz5QeXRob24gdmVudiBtYWRlIGVhc3k8L2gzPlxyXG4gICAgPHA+VVJMOiBodHRwczovL3d3dy55b3V0dWJlLmNvbS93YXRjaD92PTZmaFdiSWM1WHpNPC9wPlxyXG4gICAgXHJcbiAgICAgICAgPHA+UHJvdmlkZXI6IFlvdVR1YmU8L3A+XHJcbiAgICBcclxuICAgIFxyXG4gICAgICAgIDxwPkF1dGhvcjogSm9obiBCYXJuZXM8L3A+XHJcbiAgICBcclxuICAgIFxyXG4gICAgICAgIDxpbWcgc3JjPVwiaHR0cHM6Ly9pLnl0aW1nLmNvbS92aS82ZmhXYkljNVh6TS9ocWRlZmF1bHQuanBnXCIgYWx0PVwiUHl0aG9uIHZlbnYgbWFkZSBlYXN5XCI+XHJcbiAgICBcclxuPC9kaXY+PGJyPjwvcD4iXSwibmV3X2JvZHktMi1kZWxldGVkIjpbIjEiXSwibmV3X2JvZHktMi1vcmRlciI6WyIyIl0sIm5ld19ib2R5LTItdHlwZSI6WyJwYXJhZ3JhcGgiXSwibmV3X2JvZHktMi1pZCI6WyI2YmEyMmE1MC00ZWI0LTQ0ZDUtYTBjNy01ZDVlYmRiMzFjOTUiXSwibmV3X2JvZHktMi12YWx1ZSI6WyI8ZGl2IGNsYXNzPVwiZW1iZWQtcGxhY2Vob2xkZXIgcmljaC10ZXh0LWRlbGV0YWJsZVwiIGNvbnRlbnRlZGl0YWJsZT1cImZhbHNlXCIgZGF0YS1lbWJlZHR5cGU9XCJtZWRpYVwiIGRhdGEtdXJsPVwiaHR0cHM6Ly93d3cueW91dHViZS5jb20vd2F0Y2g/dj02ZmhXYkljNVh6TVwiPjxhIGNsYXNzPVwiaWNvbiBpY29uLWNyb3NzIHRleHQtcmVwbGFjZSBkZWxldGUtY29udHJvbFwiPkRlbGV0ZTwvYT5cclxuICAgIDxoMz5QeXRob24gdmVudiBtYWRlIGVhc3k8L2gzPlxyXG4gICAgPHA+VVJMOiBodHRwczovL3d3dy55b3V0dWJlLmNvbS93YXRjaD92PTZmaFdiSWM1WHpNPC9wPlxyXG4gICAgXHJcbiAgICAgICAgPHA+UHJvdmlkZXI6IFlvdVR1YmU8L3A+XHJcbiAgICBcclxuICAgIFxyXG4gICAgICAgIDxwPkF1dGhvcjogSm9obiBCYXJuZXM8L3A+XHJcbiAgICBcclxuICAgIFxyXG4gICAgICAgIDxpbWcgc3JjPVwiaHR0cHM6Ly9pLnl0aW1nLmNvbS92aS82ZmhXYkljNVh6TS9ocWRlZmF1bHQuanBnXCIgYWx0PVwiUHl0aG9uIHZlbnYgbWFkZSBlYXN5XCI+XHJcbiAgICBcclxuPC9kaXY+XHJcbiJdLCJuZXdfYm9keS0zLWRlbGV0ZWQiOlsiIl0sIm5ld19ib2R5LTMtb3JkZXIiOlsiMyJdLCJuZXdfYm9keS0zLXR5cGUiOlsicGFyYWdyYXBoIl0sIm5ld19ib2R5LTMtaWQiOlsiNjFlZjlmZjctYzRiNi00YWUwLWIyMzItMGFkMzQ5MjUzNjdhIl0sIm5ld19ib2R5LTMtdmFsdWUiOlsiPHA+TG9yZW0gaXBzdW0gZG9sb3Igc2l0IGFtZXQsIGNvbnNlY3RldHVyIGFkaXBpc2NpbmcgZWxpdC4gUGVsbGVudGVzcXVlIGFjIGFsaXF1ZXQgdXJuYS4gTWFlY2VuYXMgYmxhbmRpdCBhY2N1bXNhbiByaXN1cywgc2VkIHVsbGFtY29ycGVyIG5lcXVlIHRyaXN0aXF1ZSB1dC4gUHJhZXNlbnQgYmxhbmRpdCB1bHRyaWNpZXMganVzdG8gbmVjIGRpY3R1bS4gTnVuYyBlZ2VzdGFzIGxpZ3VsYSBhYyBpbnRlcmR1bSBwb3N1ZXJlLiBBbGlxdWFtIGxhY2luaWEgcmhvbmN1cyBtYWduYSB2aXRhZSBmYXVjaWJ1cy4gRnVzY2UgcXVpcyBlcm9zIGV1IG5pc2kgYmxhbmRpdCB2aXZlcnJhLiBOdWxsYSBwdXJ1cyBlbmltLCBjdXJzdXMgYSBkaWN0dW0gcGhhcmV0cmEsIHN1c2NpcGl0IGFjIGVsaXQuIE1hZWNlbmFzIG9ybmFyZSBsb3JlbSBwdXJ1cywgYWMgYWxpcXVldCBvcmNpIGZhdWNpYnVzIGEuIFF1aXNxdWUgc29kYWxlcyBwb3J0YSBsb2JvcnRpcy4gRHVpcyBkYXBpYnVzIHVybmEgZXUgdmVzdGlidWx1bSB0aW5jaWR1bnQuIE51bGxhbSBldWlzbW9kIGxhY3VzIHNvZGFsZXMgc2VtIGFsaXF1YW0gdWx0cmljaWVzLiBNYWVjZW5hcyBwaGFyZXRyYSBtb2xsaXMgcmlzdXMsIGFjIHJob25jdXMgbGliZXJvIGZpbmlidXMgdmVsLiBWZXN0aWJ1bHVtIGxvYm9ydGlzIHNhZ2l0dGlzIHNjZWxlcmlzcXVlLjwvcD48cD5NYWVjZW5hcyBwbGFjZXJhdCBmcmluZ2lsbGEgZWxlaWZlbmQuIEN1cmFiaXR1ciBzaXQgYW1ldCB0cmlzdGlxdWUgbWFzc2EuIEZ1c2NlIG9ybmFyZSBkYXBpYnVzIG9yY2ksIGFjIGVnZXN0YXMgZGlhbSBiaWJlbmR1bSBldC4gTWF1cmlzIG1hZ25hIGxvcmVtLCBzZW1wZXIgYWMgaGVuZHJlcml0IGlkLCBmcmluZ2lsbGEgdXQgdGVsbHVzLiBBZW5lYW4gbmlzaSBuaXNpLCB0ZW1wdXMgaWQgbWFsZXN1YWRhIGV1LCBzYWdpdHRpcyBzaXQgYW1ldCB0dXJwaXMuIFBlbGxlbnRlc3F1ZSB2ZWwgcG9ydGEgbmliaCwgZXUgZmV1Z2lhdCBsZWN0dXMuIFBlbGxlbnRlc3F1ZSBoYWJpdGFudCBtb3JiaSB0cmlzdGlxdWUgc2VuZWN0dXMgZXQgbmV0dXMgZXQgbWFsZXN1YWRhIGZhbWVzIGFjIHR1cnBpcyBlZ2VzdGFzLiBNb3JiaSBoZW5kcmVyaXQgbWkgdXQgcG9ydHRpdG9yIHVsdHJpY2llcy48L3A+PHA+Vml2YW11cyBiaWJlbmR1bSBhdWN0b3IgbGliZXJvLCBub24gZWdlc3RhcyBwdXJ1cyBtYWxlc3VhZGEgcGVsbGVudGVzcXVlLiBDdXJhYml0dXIgY29uZGltZW50dW0gY3Vyc3VzIG5pc2kgYXQgcG9zdWVyZS4gVXQgYXQgbGFjaW5pYSBkaWFtLiBWaXZhbXVzIGRvbG9yIGp1c3RvLCBzY2VsZXJpc3F1ZSBhdCBmYXVjaWJ1cyBhYywgdGVtcG9yIGV0IG5lcXVlLiBTdXNwZW5kaXNzZSBlZ2V0IG5pc2kgYXQgbmVxdWUgZWZmaWNpdHVyIGZldWdpYXQuIE1hZWNlbmFzIG1vbGVzdGllIGFyY3UgbmlzaSwgYXQgbGFjaW5pYSBtYWduYSBtb2xsaXMgdXQuIEN1cmFiaXR1ciBjdXJzdXMgYXJjdSB2ZWwgYXJjdSBjb25zZWN0ZXR1ciwgdXQgZWdlc3RhcyBkb2xvciBtb2xlc3RpZS4gTW9yYmkgZXUgZWdlc3RhcyBsYWN1cy4gTWFlY2VuYXMgaWFjdWxpcyBtaSB1dCBzZW0gZmluaWJ1cyBmYWNpbGlzaXMuIFZlc3RpYnVsdW0gYW50ZSBpcHN1bSBwcmltaXMgaW4gZmF1Y2lidXMgb3JjaSBsdWN0dXMgZXQgdWx0cmljZXMgcG9zdWVyZSBjdWJpbGlhIEN1cmFlOyBEdWlzIG5lYyBzYWdpdHRpcyBleC4gTnVsbGFtIGZhY2lsaXNpcyBlbmltIGZhdWNpYnVzIGx1Y3R1cyBlbGVpZmVuZC4gTWF1cmlzIHV0IGxpZ3VsYSBuZWMgZWxpdCBydXRydW0gcGhhcmV0cmEgc2l0IGFtZXQgZWdldCBvcmNpLiBTdXNwZW5kaXNzZSBhIGZpbmlidXMgbGVjdHVzLjwvcD48cD5EdWlzIGNvbW1vZG8gdWx0cmljZXMgZXguIEZ1c2NlIGludGVyZHVtLCBlcm9zIGlkIHZ1bHB1dGF0ZSB2b2x1dHBhdCwgb2RpbyBzZW0gZmF1Y2lidXMgaXBzdW0sIHNlZCBmZXJtZW50dW0gZG9sb3IgZW5pbSBldSBlcm9zLiBJbnRlZ2VyIGRvbG9yIGFudGUsIG9ybmFyZSBuZWMgYXVndWUgZ3JhdmlkYSwgdGluY2lkdW50IGJsYW5kaXQgcXVhbS4gTWF1cmlzIGlkIHVybmEgZWdldCBqdXN0byBsYWNpbmlhIHJob25jdXMgc2VkIGEgbGVvLiBVdCB2aXRhZSBzb2RhbGVzIHJpc3VzLiBRdWlzcXVlIHNpdCBhbWV0IGV1aXNtb2QgbWFzc2EuIFByYWVzZW50IHRpbmNpZHVudCwgbmVxdWUgaWFjdWxpcyB2YXJpdXMgZXVpc21vZCwgZWxpdCBlbmltIGRhcGlidXMgYXJjdSwgdmVsIHNjZWxlcmlzcXVlIGVuaW0gdGVsbHVzIHV0IGFudGUuIERvbmVjIGlkIGRvbG9yIGNvbnZhbGxpcywgdWx0cmljZXMgdG9ydG9yIGxhY2luaWEsIGltcGVyZGlldCBlcmF0LiBOdW5jIHBvc3VlcmUgbG9ib3J0aXMgbWV0dXMuIE51bGxhbSByaG9uY3VzIG5pc2kgcXVpcyB0aW5jaWR1bnQgY29uZGltZW50dW0uIFNlZCB2ZW5lbmF0aXMgbWV0dXMgcXVpcyBibGFuZGl0IHRpbmNpZHVudC4gVml2YW11cyBwb3J0YSBudWxsYSBlZ2V0IHJpc3VzIGNvbmd1ZSwgaW4gdWx0cmljZXMgbGFjdXMgdmVoaWN1bGEuIEN1cmFiaXR1ciBncmF2aWRhIGRpYW0gdmFyaXVzIGZyaW5naWxsYSB0cmlzdGlxdWUuIEN1cmFiaXR1ciB2ZWwgbmliaCBlZ2V0IGVuaW0gdWx0cmljaWVzIGNvbnZhbGxpcy4gRG9uZWMgdmVuZW5hdGlzIGlwc3VtIHNpdCBhbWV0IGp1c3RvIHJ1dHJ1bSBlbGVtZW50dW0uPC9wPjxwPkNyYXMgdmVzdGlidWx1bSB2ZWwganVzdG8gZXUgbWF4aW11cy4gRHVpcyBhY2N1bXNhbiB0ZWxsdXMgZGlhbSwgYSBwb3J0YSBtYWduYSBtYXhpbXVzIHNlZC4gQ3VyYWJpdHVyIGVsZW1lbnR1bSwgbG9yZW0gdml0YWUgdGluY2lkdW50IGN1cnN1cywgZHVpIG51bmMgZGlnbmlzc2ltIGRpYW0sIGFjIHRpbmNpZHVudCBsZW8gZXggbm9uIHRvcnRvci4gTnVsbGEgZmFjaWxpc2kuIEZ1c2NlIGEgY29udmFsbGlzIGlwc3VtLiBEb25lYyByaG9uY3VzLCBvcmNpIGluIHNhZ2l0dGlzIGVsZWlmZW5kLCBxdWFtIGVuaW0gZWxlbWVudHVtIHVybmEsIG5vbiBlbGVtZW50dW0gcmlzdXMgcmlzdXMgdml0YWUgcmlzdXMuIERvbmVjIGEgZmVsaXMgYWMgcXVhbSBhdWN0b3IgZWxlaWZlbmQgdXQgdml0YWUgbWFnbmEuIFByYWVzZW50IHZlc3RpYnVsdW0gc2VtcGVyIGVzdCB2ZWwgdWx0cmljaWVzLiBOdWxsYSBzZWQgcG9ydHRpdG9yIGVuaW0sIGF0IGVmZmljaXR1ciBtZXR1cy48L3A+Il0sIm5ld19ib2R5LTQtZGVsZXRlZCI6WyIiXSwibmV3X2JvZHktNC1vcmRlciI6WyI0Il0sIm5ld19ib2R5LTQtdHlwZSI6WyJDb2RlQmxvY2siXSwibmV3X2JvZHktNC1pZCI6WyJlZWNjZDJkZi1iNmY2LTQ2OWItYWExOC05MDIxNzY5MTg4NWQiXSwibmV3X2JvZHktNC12YWx1ZS1jb3VudCI6WyIxIl0sIm5ld19ib2R5LTQtdmFsdWUtMC1kZWxldGVkIjpbIiJdLCJuZXdfYm9keS00LXZhbHVlLTAtb3JkZXIiOlsiMCJdLCJuZXdfYm9keS00LXZhbHVlLTAtdHlwZSI6WyJjb2RlIl0sIm5ld19ib2R5LTQtdmFsdWUtMC1pZCI6WyIzN2E3ODdhYS0wNGUzLTRhYTEtODI5Ni1lZTExYWU4N2IzNzUiXSwibmV3X2JvZHktNC12YWx1ZS0wLXZhbHVlLWxhbmd1YWdlIjpbInB5dGhvbiJdLCJuZXdfYm9keS00LXZhbHVlLTAtdmFsdWUtY29kZSI6WyJpbXBvcnQgZGF0ZXRpbWVcclxuXHJcbmZyb20gZGphbmdvLmRiIGltcG9ydCBtb2RlbHNcclxuZnJvbSBkamFuZ28udXRpbHMudHJhbnNsYXRpb24gaW1wb3J0IHVnZXR0ZXh0X2xhenkgYXMgX1xyXG5cclxuZnJvbSB3YWd0YWlsLndhZ3RhaWxhZG1pbi5lZGl0X2hhbmRsZXJzIGltcG9ydCBGaWVsZFBhbmVsLCBJbmxpbmVQYW5lbCwgTXVsdGlGaWVsZFBhbmVsLCBQYWdlQ2hvb3NlclBhbmVsXHJcbmZyb20gd2FndGFpbC53YWd0YWlsaW1hZ2VzLmVkaXRfaGFuZGxlcnMgaW1wb3J0IEltYWdlQ2hvb3NlclBhbmVsXHJcblxyXG5mcm9tIG1vZGVsY2x1c3Rlci5jb250cmliLnRhZ2dpdCBpbXBvcnQgQ2x1c3RlclRhZ2dhYmxlTWFuYWdlclxyXG5mcm9tIHdhZ3RhaWwud2FndGFpbGNvcmUuZmllbGRzIGltcG9ydCBSaWNoVGV4dEZpZWxkXHJcblxyXG5mcm9tIC51dGlscyBpbXBvcnQgZ2V0X2ltYWdlX21vZGVsX3BhdGhcclxuXHJcbmZyb20gd2FndGFpbC53YWd0YWlsYWRtaW4uZWRpdF9oYW5kbGVycyBpbXBvcnQgU3RyZWFtRmllbGRQYW5lbFxyXG5mcm9tIHdhZ3RhaWwud2FndGFpbGltYWdlcy5ibG9ja3MgaW1wb3J0IEltYWdlQ2hvb3NlckJsb2NrXHJcbmZyb20gd2FndGFpbC53YWd0YWlsY29yZS5maWVsZHMgaW1wb3J0IFN0cmVhbUZpZWxkXHJcbmZyb20gd2FndGFpbC53YWd0YWlsY29yZSBpbXBvcnQgYmxvY2tzXHJcbmZyb20gd2FndGFpbC53YWd0YWlsZW1iZWRzLmJsb2NrcyBpbXBvcnQgRW1iZWRCbG9ja1xyXG5mcm9tIHdhZ3RhaWwud2FndGFpbHNlYXJjaCBpbXBvcnQgaW5kZXhcclxuZnJvbSB3YWd0YWlsY29kZWJsb2NrLmJsb2NrcyBpbXBvcnQgQ29kZUJsb2NrXHJcblxyXG5cclxuY2xhc3MgQ29udGVudFN0cmVhbUJsb2NrKGJsb2Nrcy5TdHJlYW1CbG9jayk6XHJcbiAgICBoZWFkaW5nID0gYmxvY2tzLlRleHRCbG9jaygpXHJcbiAgICBwYXJhZ3JhcGggPSBibG9ja3MuVGV4dEJsb2NrKClcclxuICAgIGNvZGUgPSBDb2RlQmxvY2sobGFiZWw9J0NvZGUnKVxyXG5cclxuXHJcbmNsYXNzIEVudHJ5QWJzdHJhY3QobW9kZWxzLk1vZGVsKTpcclxuICAgIGJvZHkgPSBSaWNoVGV4dEZpZWxkKHZlcmJvc2VfbmFtZT1fKCdib2R5JykpXHJcbiAgICBuZXdfYm9keSA9IFN0cmVhbUZpZWxkKFtcclxuICAgICAgICAgICAgICAgICgncGFyYWdyYXBoJywgYmxvY2tzLlJpY2hUZXh0QmxvY2soKSksXHJcbiAgICAgICAgICAgICAgICAoJ2ltYWdlJywgSW1hZ2VDaG9vc2VyQmxvY2soKSksXHJcbiAgICAgICAgICAgICAgICAoJ2VtYmVkJywgRW1iZWRCbG9jaygpKSxcclxuICAgICAgICAgICAgICAgICgnQ29kZUJsb2NrJywgQ29udGVudFN0cmVhbUJsb2NrKCkpLFxyXG4gICAgICAgICAgICBdKVxyXG4gICAgdGFncyA9IENsdXN0ZXJUYWdnYWJsZU1hbmFnZXIodGhyb3VnaD0ncHVwdXQuVGFnRW50cnlQYWdlJywgYmxhbms9VHJ1ZSlcclxuICAgIGRhdGUgPSBtb2RlbHMuRGF0ZVRpbWVGaWVsZCh2ZXJib3NlX25hbWU9XyhcIlBvc3QgZGF0ZVwiKSwgZGVmYXVsdD1kYXRldGltZS5kYXRldGltZS50b2RheSlcclxuICAgIGhlYWRlcl9pbWFnZSA9IG1vZGVscy5Gb3JlaWduS2V5KGdldF9pbWFnZV9tb2RlbF9wYXRoKCksIHZlcmJvc2VfbmFtZT1fKCdIZWFkZXIgaW1hZ2UnKSwgbnVsbD1UcnVlLCBibGFuaz1UcnVlLFxyXG4gICAgICAgICAgICAgICAgICAgICAgICAgICAgICAgICAgICAgb25fZGVsZXRlPW1vZGVscy5TRVRfTlVMTCwgcmVsYXRlZF9uYW1lPScrJywgKVxyXG4gICAgY2F0ZWdvcmllcyA9IG1vZGVscy5NYW55VG9NYW55RmllbGQoJ3B1cHV0LkNhdGVnb3J5JywgdGhyb3VnaD0ncHVwdXQuQ2F0ZWdvcnlFbnRyeVBhZ2UnLCBibGFuaz1UcnVlKVxyXG4gICAgZXhjZXJwdCA9IFJpY2hUZXh0RmllbGQodmVyYm9zZV9uYW1lPV8oJ2V4Y2VycHQnKSwgYmxhbms9VHJ1ZSxcclxuICAgICAgICAgICAgICAgICAgICAgICAgICAgIGhlbHBfdGV4dD1fKFwiRW50cnkgZXhjZXJwdCB0byBiZSBkaXNwbGF5ZWQgb24gZW50cmllcyBsaXN0LiBcIlxyXG4gICAgICAgICAgICAgICAgICAgICAgICAgICAgICAgICAgICAgICAgXCJJZiB0aGlzIGZpZWxkIGlzIG5vdCBmaWxsZWQsIGEgdHJ1bmNhdGUgdmVyc2lvbiBvZiBib2R5IHRleHQgd2lsbCBiZSB1c2VkLlwiKSlcclxuICAgIG51bV9jb21tZW50cyA9IG1vZGVscy5JbnRlZ2VyRmllbGQoZGVmYXVsdD0wLCBlZGl0YWJsZT1GYWxzZSlcclxuXHJcbiAgICBjb250ZW50X3BhbmVscyA9IFtcclxuICAgICAgICBNdWx0aUZpZWxkUGFuZWwoW1xyXG4gICAgICAgICAgICBGaWVsZFBhbmVsKCd0aXRsZScsIGNsYXNzbmFtZT1cInRpdGxlXCIpLFxyXG4gICAgICAgICAgICBJbWFnZUNob29zZXJQYW5lbCgnaGVhZGVyX2ltYWdlJyksXHJcbiAgICAgICAgICAgICMgRmllbGRQYW5lbCgnYm9keScsIGNsYXNzbmFtZT1cImZ1bGxcIiksXHJcbiAgICAgICAgICAgIEZpZWxkUGFuZWwoJ2V4Y2VycHQnLCBjbGFzc25hbWU9XCJmdWxsXCIpLFxyXG4gICAgICAgICAgICBTdHJlYW1GaWVsZFBhbmVsKCduZXdfYm9keScpLFxyXG4gICAgICAgIF0sIGhlYWRpbmc9XyhcIkNvbnRlbnRcIikpLFxyXG4gICAgICAgIE11bHRpRmllbGRQYW5lbChbXHJcbiAgICAgICAgICAgIEZpZWxkUGFuZWwoJ3RhZ3MnKSxcclxuICAgICAgICAgICAgSW5saW5lUGFuZWwoJ2VudHJ5X2NhdGVnb3JpZXMnLCBsYWJlbD1fKFwiQ2F0ZWdvcmllc1wiKSksXHJcbiAgICAgICAgICAgIElubGluZVBhbmVsKCdyZWxhdGVkX2VudHJ5cGFnZV9mcm9tJywgbGFiZWw9XyhcIlJlbGF0ZWQgRW50cmllc1wiKSxcclxuICAgICAgICAgICAgICAgICAgICAgICAgcGFuZWxzPVtQYWdlQ2hvb3NlclBhbmVsKCdlbnRyeXBhZ2VfdG8nKV0pLFxyXG4gICAgICAgIF0sIGhlYWRpbmc9XyhcIk1ldGFkYXRhXCIpKSxcclxuICAgIF1cclxuXHJcbiAgICBjbGFzcyBNZXRhOlxyXG4gICAgICAgIGFic3RyYWN0ID0gVHJ1ZSJdLCJ0YWdzIjpbIiJdLCJlbnRyeV9jYXRlZ29yaWVzLVRPVEFMX0ZPUk1TIjpbIjAiXSwiZW50cnlfY2F0ZWdvcmllcy1JTklUSUFMX0ZPUk1TIjpbIjAiXSwiZW50cnlfY2F0ZWdvcmllcy1NSU5fTlVNX0ZPUk1TIjpbIjAiXSwiZW50cnlfY2F0ZWdvcmllcy1NQVhfTlVNX0ZPUk1TIjpbIjEwMDAiXSwicmVsYXRlZF9lbnRyeXBhZ2VfZnJvbS1UT1RBTF9GT1JNUyI6WyIwIl0sInJlbGF0ZWRfZW50cnlwYWdlX2Zyb20tSU5JVElBTF9GT1JNUyI6WyIwIl0sInJlbGF0ZWRfZW50cnlwYWdlX2Zyb20tTUlOX05VTV9GT1JNUyI6WyIwIl0sInJlbGF0ZWRfZW50cnlwYWdlX2Zyb20tTUFYX05VTV9GT1JNUyI6WyIxMDAwIl0sInNsdWciOlsiY3Jhcy12ZXN0aWJ1bHVtLXZlbC1qdXN0by1ldTIiXSwic2VvX3RpdGxlIjpbIiJdLCJzZWFyY2hfZGVzY3JpcHRpb24iOlsiIl0sImdvX2xpdmVfYXQiOlsiIl0sImV4cGlyZV9hdCI6WyIiXSwiZGF0ZSI6WyIyMDE4LTAxLTExIDEzOjI4Il0sIm93bmVyIjpbIjEiXX0sMTUxNTY3ODQxNy4yMTk0OTM2XX0=", "expire_date": "2018-01-25T13:46:57.236Z"}}, {"model": "auth.permission", "pk": 1, "fields": {"name": "Can add image", "content_type": 3, "codename": "add_image"}}, {"model": "auth.permission", "pk": 2, "fields": {"name": "Can change image", "content_type": 3, "codename": "change_image"}}, {"model": "auth.permission", "pk": 3, "fields": {"name": "Can delete image", "content_type": 3, "codename": "delete_image"}}, {"model": "auth.permission", "pk": 4, "fields": {"name": "Can access Wagtail admin", "content_type": 4, "codename": "access_admin"}}, {"model": "auth.permission", "pk": 5, "fields": {"name": "Can add document", "content_type": 5, "codename": "add_document"}}, {"model": "auth.permission", "pk": 6, "fields": {"name": "Can change document", "content_type": 5, "codename": "change_document"}}, {"model": "auth.permission", "pk": 7, "fields": {"name": "Can delete document", "content_type": 5, "codename": "delete_document"}}, {"model": "auth.permission", "pk": 8, "fields": {"name": "Can add home page", "content_type": 2, "codename": "add_homepage"}}, {"model": "auth.permission", "pk": 9, "fields": {"name": "Can change home page", "content_type": 2, "codename": "change_homepage"}}, {"model": "auth.permission", "pk": 10, "fields": {"name": "Can delete home page", "content_type": 2, "codename": "delete_homepage"}}, {"model": "auth.permission", "pk": 11, "fields": {"name": "Can add Blog", "content_type": 6, "codename": "add_blogpage"}}, {"model": "auth.permission", "pk": 12, "fields": {"name": "Can change Blog", "content_type": 6, "codename": "change_blogpage"}}, {"model": "auth.permission", "pk": 13, "fields": {"name": "Can delete Blog", "content_type": 6, "codename": "delete_blogpage"}}, {"model": "auth.permission", "pk": 14, "fields": {"name": "Can add Category", "content_type": 7, "codename": "add_category"}}, {"model": "auth.permission", "pk": 15, "fields": {"name": "Can change Category", "content_type": 7, "codename": "change_category"}}, {"model": "auth.permission", "pk": 16, "fields": {"name": "Can delete Category", "content_type": 7, "codename": "delete_category"}}, {"model": "auth.permission", "pk": 17, "fields": {"name": "Can add category entry page", "content_type": 8, "codename": "add_categoryentrypage"}}, {"model": "auth.permission", "pk": 18, "fields": {"name": "Can change category entry page", "content_type": 8, "codename": "change_categoryentrypage"}}, {"model": "auth.permission", "pk": 19, "fields": {"name": "Can delete category entry page", "content_type": 8, "codename": "delete_categoryentrypage"}}, {"model": "auth.permission", "pk": 20, "fields": {"name": "Can add Entry", "content_type": 9, "codename": "add_entrypage"}}, {"model": "auth.permission", "pk": 21, "fields": {"name": "Can change Entry", "content_type": 9, "codename": "change_entrypage"}}, {"model": "auth.permission", "pk": 22, "fields": {"name": "Can delete Entry", "content_type": 9, "codename": "delete_entrypage"}}, {"model": "auth.permission", "pk": 23, "fields": {"name": "Can add entry page related", "content_type": 10, "codename": "add_entrypagerelated"}}, {"model": "auth.permission", "pk": 24, "fields": {"name": "Can change entry page related", "content_type": 10, "codename": "change_entrypagerelated"}}, {"model": "auth.permission", "pk": 25, "fields": {"name": "Can delete entry page related", "content_type": 10, "codename": "delete_entrypagerelated"}}, {"model": "auth.permission", "pk": 26, "fields": {"name": "Can add tag entry page", "content_type": 11, "codename": "add_tagentrypage"}}, {"model": "auth.permission", "pk": 27, "fields": {"name": "Can change tag entry page", "content_type": 11, "codename": "change_tagentrypage"}}, {"model": "auth.permission", "pk": 28, "fields": {"name": "Can delete tag entry page", "content_type": 11, "codename": "delete_tagentrypage"}}, {"model": "auth.permission", "pk": 29, "fields": {"name": "Can add tag", "content_type": 12, "codename": "add_tag"}}, {"model": "auth.permission", "pk": 30, "fields": {"name": "Can change tag", "content_type": 12, "codename": "change_tag"}}, {"model": "auth.permission", "pk": 31, "fields": {"name": "Can delete tag", "content_type": 12, "codename": "delete_tag"}}, {"model": "auth.permission", "pk": 32, "fields": {"name": "Can add form submission", "content_type": 14, "codename": "add_formsubmission"}}, {"model": "auth.permission", "pk": 33, "fields": {"name": "Can change form submission", "content_type": 14, "codename": "change_formsubmission"}}, {"model": "auth.permission", "pk": 34, "fields": {"name": "Can delete form submission", "content_type": 14, "codename": "delete_formsubmission"}}, {"model": "auth.permission", "pk": 35, "fields": {"name": "Can add redirect", "content_type": 15, "codename": "add_redirect"}}, {"model": "auth.permission", "pk": 36, "fields": {"name": "Can change redirect", "content_type": 15, "codename": "change_redirect"}}, {"model": "auth.permission", "pk": 37, "fields": {"name": "Can delete redirect", "content_type": 15, "codename": "delete_redirect"}}, {"model": "auth.permission", "pk": 38, "fields": {"name": "Can add embed", "content_type": 16, "codename": "add_embed"}}, {"model": "auth.permission", "pk": 39, "fields": {"name": "Can change embed", "content_type": 16, "codename": "change_embed"}}, {"model": "auth.permission", "pk": 40, "fields": {"name": "Can delete embed", "content_type": 16, "codename": "delete_embed"}}, {"model": "auth.permission", "pk": 41, "fields": {"name": "Can add user profile", "content_type": 17, "codename": "add_userprofile"}}, {"model": "auth.permission", "pk": 42, "fields": {"name": "Can change user profile", "content_type": 17, "codename": "change_userprofile"}}, {"model": "auth.permission", "pk": 43, "fields": {"name": "Can delete user profile", "content_type": 17, "codename": "delete_userprofile"}}, {"model": "auth.permission", "pk": 44, "fields": {"name": "Can add rendition", "content_type": 18, "codename": "add_rendition"}}, {"model": "auth.permission", "pk": 45, "fields": {"name": "Can change rendition", "content_type": 18, "codename": "change_rendition"}}, {"model": "auth.permission", "pk": 46, "fields": {"name": "Can delete rendition", "content_type": 18, "codename": "delete_rendition"}}, {"model": "auth.permission", "pk": 47, "fields": {"name": "Can add query", "content_type": 19, "codename": "add_query"}}, {"model": "auth.permission", "pk": 48, "fields": {"name": "Can change query", "content_type": 19, "codename": "change_query"}}, {"model": "auth.permission", "pk": 49, "fields": {"name": "Can delete query", "content_type": 19, "codename": "delete_query"}}, {"model": "auth.permission", "pk": 50, "fields": {"name": "Can add Query Daily Hits", "content_type": 20, "codename": "add_querydailyhits"}}, {"model": "auth.permission", "pk": 51, "fields": {"name": "Can change Query Daily Hits", "content_type": 20, "codename": "change_querydailyhits"}}, {"model": "auth.permission", "pk": 52, "fields": {"name": "Can delete Query Daily Hits", "content_type": 20, "codename": "delete_querydailyhits"}}, {"model": "auth.permission", "pk": 53, "fields": {"name": "Can add page", "content_type": 1, "codename": "add_page"}}, {"model": "auth.permission", "pk": 54, "fields": {"name": "Can change page", "content_type": 1, "codename": "change_page"}}, {"model": "auth.permission", "pk": 55, "fields": {"name": "Can delete page", "content_type": 1, "codename": "delete_page"}}, {"model": "auth.permission", "pk": 56, "fields": {"name": "Can add group page permission", "content_type": 21, "codename": "add_grouppagepermission"}}, {"model": "auth.permission", "pk": 57, "fields": {"name": "Can change group page permission", "content_type": 21, "codename": "change_grouppagepermission"}}, {"model": "auth.permission", "pk": 58, "fields": {"name": "Can delete group page permission", "content_type": 21, "codename": "delete_grouppagepermission"}}, {"model": "auth.permission", "pk": 59, "fields": {"name": "Can add page revision", "content_type": 22, "codename": "add_pagerevision"}}, {"model": "auth.permission", "pk": 60, "fields": {"name": "Can change page revision", "content_type": 22, "codename": "change_pagerevision"}}, {"model": "auth.permission", "pk": 61, "fields": {"name": "Can delete page revision", "content_type": 22, "codename": "delete_pagerevision"}}, {"model": "auth.permission", "pk": 62, "fields": {"name": "Can add page view restriction", "content_type": 23, "codename": "add_pageviewrestriction"}}, {"model": "auth.permission", "pk": 63, "fields": {"name": "Can change page view restriction", "content_type": 23, "codename": "change_pageviewrestriction"}}, {"model": "auth.permission", "pk": 64, "fields": {"name": "Can delete page view restriction", "content_type": 23, "codename": "delete_pageviewrestriction"}}, {"model": "auth.permission", "pk": 65, "fields": {"name": "Can add site", "content_type": 24, "codename": "add_site"}}, {"model": "auth.permission", "pk": 66, "fields": {"name": "Can change site", "content_type": 24, "codename": "change_site"}}, {"model": "auth.permission", "pk": 67, "fields": {"name": "Can delete site", "content_type": 24, "codename": "delete_site"}}, {"model": "auth.permission", "pk": 68, "fields": {"name": "Can add collection", "content_type": 25, "codename": "add_collection"}}, {"model": "auth.permission", "pk": 69, "fields": {"name": "Can change collection", "content_type": 25, "codename": "change_collection"}}, {"model": "auth.permission", "pk": 70, "fields": {"name": "Can delete collection", "content_type": 25, "codename": "delete_collection"}}, {"model": "auth.permission", "pk": 71, "fields": {"name": "Can add group collection permission", "content_type": 26, "codename": "add_groupcollectionpermission"}}, {"model": "auth.permission", "pk": 72, "fields": {"name": "Can change group collection permission", "content_type": 26, "codename": "change_groupcollectionpermission"}}, {"model": "auth.permission", "pk": 73, "fields": {"name": "Can delete group collection permission", "content_type": 26, "codename": "delete_groupcollectionpermission"}}, {"model": "auth.permission", "pk": 74, "fields": {"name": "Can add collection view restriction", "content_type": 27, "codename": "add_collectionviewrestriction"}}, {"model": "auth.permission", "pk": 75, "fields": {"name": "Can change collection view restriction", "content_type": 27, "codename": "change_collectionviewrestriction"}}, {"model": "auth.permission", "pk": 76, "fields": {"name": "Can delete collection view restriction", "content_type": 27, "codename": "delete_collectionviewrestriction"}}, {"model": "auth.permission", "pk": 77, "fields": {"name": "Can add Tagged Item", "content_type": 28, "codename": "add_taggeditem"}}, {"model": "auth.permission", "pk": 78, "fields": {"name": "Can change Tagged Item", "content_type": 28, "codename": "change_taggeditem"}}, {"model": "auth.permission", "pk": 79, "fields": {"name": "Can delete Tagged Item", "content_type": 28, "codename": "delete_taggeditem"}}, {"model": "auth.permission", "pk": 80, "fields": {"name": "Can add log entry", "content_type": 29, "codename": "add_logentry"}}, {"model": "auth.permission", "pk": 81, "fields": {"name": "Can change log entry", "content_type": 29, "codename": "change_logentry"}}, {"model": "auth.permission", "pk": 82, "fields": {"name": "Can delete log entry", "content_type": 29, "codename": "delete_logentry"}}, {"model": "auth.permission", "pk": 83, "fields": {"name": "Can add permission", "content_type": 30, "codename": "add_permission"}}, {"model": "auth.permission", "pk": 84, "fields": {"name": "Can change permission", "content_type": 30, "codename": "change_permission"}}, {"model": "auth.permission", "pk": 85, "fields": {"name": "Can delete permission", "content_type": 30, "codename": "delete_permission"}}, {"model": "auth.permission", "pk": 86, "fields": {"name": "Can add group", "content_type": 31, "codename": "add_group"}}, {"model": "auth.permission", "pk": 87, "fields": {"name": "Can change group", "content_type": 31, "codename": "change_group"}}, {"model": "auth.permission", "pk": 88, "fields": {"name": "Can delete group", "content_type": 31, "codename": "delete_group"}}, {"model": "auth.permission", "pk": 89, "fields": {"name": "Can add user", "content_type": 32, "codename": "add_user"}}, {"model": "auth.permission", "pk": 90, "fields": {"name": "Can change user", "content_type": 32, "codename": "change_user"}}, {"model": "auth.permission", "pk": 91, "fields": {"name": "Can delete user", "content_type": 32, "codename": "delete_user"}}, {"model": "auth.permission", "pk": 92, "fields": {"name": "Can add content type", "content_type": 33, "codename": "add_contenttype"}}, {"model": "auth.permission", "pk": 93, "fields": {"name": "Can change content type", "content_type": 33, "codename": "change_contenttype"}}, {"model": "auth.permission", "pk": 94, "fields": {"name": "Can delete content type", "content_type": 33, "codename": "delete_contenttype"}}, {"model": "auth.permission", "pk": 95, "fields": {"name": "Can add session", "content_type": 34, "codename": "add_session"}}, {"model": "auth.permission", "pk": 96, "fields": {"name": "Can change session", "content_type": 34, "codename": "change_session"}}, {"model": "auth.permission", "pk": 97, "fields": {"name": "Can delete session", "content_type": 34, "codename": "delete_session"}}, {"model": "auth.group", "pk": 1, "fields": {"name": "Moderators", "permissions": [4, 5, 6, 7, 1, 2, 3]}}, {"model": "auth.group", "pk": 2, "fields": {"name": "Editors", "permissions": [4, 5, 6, 7, 1, 2, 3]}}, {"model": "auth.user", "pk": 2, "fields": {"password": "pbkdf2_sha256$36000$sRseGGrrjYik$xNnNsQF9uNzb5WOx0j7IqxcXmiihK7XasG3t9ahPpt0=", "last_login": "2018-01-11T15:56:22.728Z", "is_superuser": true, "username": "my_admin", "first_name": "none", "last_name": "none", "email": "none@none.com", "is_staff": true, "is_active": true, "date_joined": "2018-01-11T15:56:13.827Z", "groups": [], "user_permissions": []}}, {"model": "wagtailcore.groupcollectionpermission", "pk": 1, "fields": {"group": 1, "collection": 1, "permission": 5}}, {"model": "wagtailcore.groupcollectionpermission", "pk": 2, "fields": {"group": 2, "collection": 1, "permission": 5}}, {"model": "wagtailcore.groupcollectionpermission", "pk": 3, "fields": {"group": 1, "collection": 1, "permission": 6}}, {"model": "wagtailcore.groupcollectionpermission", "pk": 4, "fields": {"group": 2, "collection": 1, "permission": 6}}, {"model": "wagtailcore.groupcollectionpermission", "pk": 5, "fields": {"group": 1, "collection": 1, "permission": 1}}, {"model": "wagtailcore.groupcollectionpermission", "pk": 6, "fields": {"group": 2, "collection": 1, "permission": 1}}, {"model": "wagtailcore.groupcollectionpermission", "pk": 7, "fields": {"group": 1, "collection": 1, "permission": 2}}, {"model": "wagtailcore.groupcollectionpermission", "pk": 8, "fields": {"group": 2, "collection": 1, "permission": 2}}, {"model": "wagtailcore.grouppagepermission", "pk": 1, "fields": {"group": 1, "page": 1, "permission_type": "add"}}, {"model": "wagtailcore.grouppagepermission", "pk": 2, "fields": {"group": 1, "page": 1, "permission_type": "edit"}}, {"model": "wagtailcore.grouppagepermission", "pk": 3, "fields": {"group": 1, "page": 1, "permission_type": "publish"}}, {"model": "wagtailcore.grouppagepermission", "pk": 4, "fields": {"group": 2, "page": 1, "permission_type": "add"}}, {"model": "wagtailcore.grouppagepermission", "pk": 5, "fields": {"group": 2, "page": 1, "permission_type": "edit"}}, {"model": "wagtailcore.grouppagepermission", "pk": 6, "fields": {"group": 1, "page": 1, "permission_type": "lock"}}, {"model": "wagtailcore.pagerevision", "pk": 31, "fields": {"page": 13, "submitted_for_moderation": false, "created_at": "2018-01-11T16:12:56.721Z", "user": 2, "content_json": "{\"pk\": 13, \"path\": \"00010002\", \"depth\": 2, \"numchild\": 0, \"title\": \"Blog Page\", \"draft_title\": \"Blog Page\", \"slug\": \"blog-page\", \"content_type\": 6, \"live\": true, \"has_unpublished_changes\": false, \"url_path\": \"/blog-page/\", \"owner\": 2, \"seo_title\": \"\", \"show_in_menus\": false, \"search_description\": \"\", \"go_live_at\": null, \"expire_at\": null, \"expired\": false, \"locked\": false, \"first_published_at\": null, \"last_published_at\": null, \"latest_revision_created_at\": null, \"live_revision\": null, \"description\": \"Sub-heading\", \"header_image\": null, \"display_comments\": false, \"display_categories\": true, \"display_tags\": true, \"display_popular_entries\": true, \"display_last_entries\": true, \"display_archive\": true, \"disqus_api_secret\": \"\", \"disqus_shortname\": \"\", \"num_entries_page\": 5, \"num_last_entries\": 3, \"num_popular_entries\": 3, \"num_tags_entry_header\": 5, \"short_feed_description\": true}", "approved_go_live_at": null}}, {"model": "wagtailcore.pagerevision", "pk": 32, "fields": {"page": 14, "submitted_for_moderation": false, "created_at": "2018-01-11T16:16:14.048Z", "user": 2, "content_json": "{\"pk\": 14, \"path\": \"000100020001\", \"depth\": 3, \"numchild\": 0, \"title\": \"Suspendisse quis ligula vel nulla dictum elementum.\", \"draft_title\": \"Suspendisse quis ligula vel nulla dictum elementum.\", \"slug\": \"suspendisse-quis-ligula-vel-nulla-dictum-elementum\", \"content_type\": 9, \"live\": true, \"has_unpublished_changes\": false, \"url_path\": \"/blog-page/suspendisse-quis-ligula-vel-nulla-dictum-elementum/\", \"owner\": 2, \"seo_title\": \"\", \"show_in_menus\": false, \"search_description\": \"\", \"go_live_at\": null, \"expire_at\": null, \"expired\": false, \"locked\": false, \"first_published_at\": null, \"last_published_at\": null, \"latest_revision_created_at\": null, \"live_revision\": null, \"new_body\": \"[{\\\"type\\\": \\\"paragraph\\\", \\\"value\\\": \\\"<p>Sed iaculis, quam at semper varius, massa enim commodo nisl, sit amet posuere quam eros ut quam. Praesent lacinia ligula et facilisis tempor. Aenean non efficitur nunc. Ut fringilla arcu quis orci tempus mollis. Sed a scelerisque ipsum, in mollis justo. Suspendisse potenti. Donec sed commodo est, ac laoreet ligula. Mauris eu eros rutrum, posuere diam et, facilisis lectus. Phasellus diam libero, vestibulum ac turpis id, commodo dictum quam. Donec non ligula sit amet erat interdum auctor nec vel sem.</p>\\\", \\\"id\\\": \\\"315249f1-b394-4f32-960d-355721a03b50\\\"}, {\\\"type\\\": \\\"embed\\\", \\\"value\\\": \\\"https://www.youtube.com/watch?v=9u4f2YOfuBk\\\", \\\"id\\\": \\\"910ae27d-6d2c-4f23-98c0-10dc74b1cb8a\\\"}, {\\\"type\\\": \\\"CodeBlock\\\", \\\"value\\\": [{\\\"type\\\": \\\"code\\\", \\\"value\\\": {\\\"language\\\": \\\"python\\\", \\\"code\\\": \\\"#!/usr/bin/env python\\\\r\\\\nfrom __future__ import absolute_import, unicode_literals\\\\r\\\\n\\\\r\\\\nimport os\\\\r\\\\nimport sys\\\\r\\\\n\\\\r\\\\nif __name__ == \\\\\\\"__main__\\\\\\\":\\\\r\\\\n    os.environ.setdefault(\\\\\\\"DJANGO_SETTINGS_MODULE\\\\\\\", \\\\\\\"blog.settings.dev\\\\\\\")\\\\r\\\\n\\\\r\\\\n    from django.core.management import execute_from_command_line\\\"}, \\\"id\\\": \\\"f5175c42-aaeb-4258-b6fb-9f1392e8836b\\\"}], \\\"id\\\": \\\"2132e7f5-86c8-4811-9328-13fa70f91e4c\\\"}, {\\\"type\\\": \\\"paragraph\\\", \\\"value\\\": \\\"<p>Lorem ipsum dolor sit amet, consectetur adipiscing elit. Donec odio mi, vehicula tristique tristique et, porttitor at odio. Vivamus vel ipsum nisl. Nullam fringilla sollicitudin fringilla. Suspendisse potenti. Duis non sodales diam, eu luctus neque. Integer at fermentum magna, eu varius felis. Vestibulum tempor enim nec sapien tincidunt bibendum. Nulla sagittis dignissim lectus, dictum ultricies dui ornare at. Morbi a turpis justo. Aliquam non dictum odio, id mollis ligula. Suspendisse tellus lacus, eleifend at tellus venenatis, faucibus laoreet nunc. Etiam tincidunt congue erat, ac posuere ex volutpat eu. Ut vehicula sem at libero consequat, tempor condimentum nisl blandit.</p><p>Sed iaculis, quam at semper varius, massa enim commodo nisl, sit amet posuere quam eros ut quam. Praesent lacinia ligula et facilisis tempor. Aenean non efficitur nunc. Ut fringilla arcu quis orci tempus mollis. Sed a scelerisque ipsum, in mollis justo. Suspendisse potenti. Donec sed commodo est, ac laoreet ligula. Mauris eu eros rutrum, posuere diam et, facilisis lectus. Phasellus diam libero, vestibulum ac turpis id, commodo dictum quam. Donec non ligula sit amet erat interdum auctor nec vel sem.</p><p>Nulla nisl sapien, placerat a elementum eu, feugiat vel arcu. Cras egestas dignissim velit, in molestie ex maximus in. Integer nec dui non est ullamcorper tempus. Duis cursus pharetra cursus. Suspendisse pretium ut tortor non laoreet. Integer hendrerit placerat felis, cursus viverra lacus blandit a. Proin urna nulla, rhoncus a libero sit amet, ultricies facilisis purus. Etiam maximus condimentum efficitur. Quisque ornare, augue a viverra commodo, erat felis egestas metus, nec tempus ex dolor eget diam.</p><p>Sed et molestie orci. Fusce felis ante, tincidunt ac erat id, rutrum volutpat felis. Integer sagittis, felis sit amet imperdiet vulputate, dolor massa scelerisque tortor, in laoreet nisi eros in dolor. Curabitur eu tortor facilisis, tempor ligula sed, cursus quam. In sodales dui nec nisl accumsan tincidunt a ac augue. Donec a metus dolor. Suspendisse quis ligula vel nulla dictum elementum.</p><p>Donec vitae mi odio. Cras porttitor, quam a finibus vehicula, orci dui vestibulum erat, et congue diam ex ac arcu. Donec at nisi et augue volutpat convallis. Suspendisse fringilla felis dolor, et euismod elit bibendum et. Donec eget iaculis sapien. Ut nisi tortor, laoreet eu vestibulum vel, viverra at neque. Praesent eget tellus sollicitudin, lobortis enim vel, varius sem. Aenean hendrerit massa a consectetur porttitor. Proin nec dui magna. Suspendisse congue eros in nisl ultricies ullamcorper. Vestibulum tempus libero tempor, tristique erat ut, efficitur libero.</p>\\\", \\\"id\\\": \\\"4ef64b52-558c-4646-b173-f9ceebd19054\\\"}]\", \"date\": \"2018-01-11T16:13:00Z\", \"header_image\": null, \"excerpt\": \"<p>Sed et molestie orci. Fusce felis ante, tincidunt ac erat id, rutrum volutpat felis. Integer sagittis, felis sit amet imperdiet vulputate, dolor massa scelerisque tortor, in laoreet nisi eros in dolor. Curabitur eu tortor facilisis, tempor ligula sed, cursus quam. In sodales dui nec nisl accumsan tincidunt a ac augue. Donec a metus dolor. Suspendisse quis ligula vel nulla dictum elementum.</p>\", \"num_comments\": 0, \"entry_categories\": [], \"entry_tags\": [], \"related_entrypage_from\": [], \"related_entrypage_to\": []}", "approved_go_live_at": null}}, {"model": "wagtailcore.pagerevision", "pk": 33, "fields": {"page": 15, "submitted_for_moderation": false, "created_at": "2018-01-11T16:16:14.048Z", "user": 2, "content_json": "{\"pk\": 15, \"path\": \"000100020001\", \"depth\": 3, \"numchild\": 0, \"title\": \"Suspendisse quis ligula vel nulla dictum elementum.\", \"draft_title\": \"Suspendisse quis ligula vel nulla dictum elementum.\", \"slug\": \"suspendisse-quis-ligula-vel-nulla-dictum-elementum\", \"content_type\": 9, \"live\": true, \"has_unpublished_changes\": false, \"url_path\": \"/blog-page/suspendisse-quis-ligula-vel-nulla-dictum-elementum/\", \"owner\": 2, \"seo_title\": \"\", \"show_in_menus\": false, \"search_description\": \"\", \"go_live_at\": null, \"expire_at\": null, \"expired\": false, \"locked\": false, \"first_published_at\": null, \"last_published_at\": null, \"latest_revision_created_at\": null, \"live_revision\": null, \"new_body\": \"[{\\\"type\\\": \\\"paragraph\\\", \\\"value\\\": \\\"<p>Sed iaculis, quam at semper varius, massa enim commodo nisl, sit amet posuere quam eros ut quam. Praesent lacinia ligula et facilisis tempor. Aenean non efficitur nunc. Ut fringilla arcu quis orci tempus mollis. Sed a scelerisque ipsum, in mollis justo. Suspendisse potenti. Donec sed commodo est, ac laoreet ligula. Mauris eu eros rutrum, posuere diam et, facilisis lectus. Phasellus diam libero, vestibulum ac turpis id, commodo dictum quam. Donec non ligula sit amet erat interdum auctor nec vel sem.</p>\\\", \\\"id\\\": \\\"315249f1-b394-4f32-960d-355721a03b50\\\"}, {\\\"type\\\": \\\"embed\\\", \\\"value\\\": \\\"https://www.youtube.com/watch?v=9u4f2YOfuBk\\\", \\\"id\\\": \\\"910ae27d-6d2c-4f23-98c0-10dc74b1cb8a\\\"}, {\\\"type\\\": \\\"CodeBlock\\\", \\\"value\\\": [{\\\"type\\\": \\\"code\\\", \\\"value\\\": {\\\"language\\\": \\\"python\\\", \\\"code\\\": \\\"#!/usr/bin/env python\\\\r\\\\nfrom __future__ import absolute_import, unicode_literals\\\\r\\\\n\\\\r\\\\nimport os\\\\r\\\\nimport sys\\\\r\\\\n\\\\r\\\\nif __name__ == \\\\\\\"__main__\\\\\\\":\\\\r\\\\n    os.environ.setdefault(\\\\\\\"DJANGO_SETTINGS_MODULE\\\\\\\", \\\\\\\"blog.settings.dev\\\\\\\")\\\\r\\\\n\\\\r\\\\n    from django.core.management import execute_from_command_line\\\"}, \\\"id\\\": \\\"f5175c42-aaeb-4258-b6fb-9f1392e8836b\\\"}], \\\"id\\\": \\\"2132e7f5-86c8-4811-9328-13fa70f91e4c\\\"}, {\\\"type\\\": \\\"paragraph\\\", \\\"value\\\": \\\"<p>Lorem ipsum dolor sit amet, consectetur adipiscing elit. Donec odio mi, vehicula tristique tristique et, porttitor at odio. Vivamus vel ipsum nisl. Nullam fringilla sollicitudin fringilla. Suspendisse potenti. Duis non sodales diam, eu luctus neque. Integer at fermentum magna, eu varius felis. Vestibulum tempor enim nec sapien tincidunt bibendum. Nulla sagittis dignissim lectus, dictum ultricies dui ornare at. Morbi a turpis justo. Aliquam non dictum odio, id mollis ligula. Suspendisse tellus lacus, eleifend at tellus venenatis, faucibus laoreet nunc. Etiam tincidunt congue erat, ac posuere ex volutpat eu. Ut vehicula sem at libero consequat, tempor condimentum nisl blandit.</p><p>Sed iaculis, quam at semper varius, massa enim commodo nisl, sit amet posuere quam eros ut quam. Praesent lacinia ligula et facilisis tempor. Aenean non efficitur nunc. Ut fringilla arcu quis orci tempus mollis. Sed a scelerisque ipsum, in mollis justo. Suspendisse potenti. Donec sed commodo est, ac laoreet ligula. Mauris eu eros rutrum, posuere diam et, facilisis lectus. Phasellus diam libero, vestibulum ac turpis id, commodo dictum quam. Donec non ligula sit amet erat interdum auctor nec vel sem.</p><p>Nulla nisl sapien, placerat a elementum eu, feugiat vel arcu. Cras egestas dignissim velit, in molestie ex maximus in. Integer nec dui non est ullamcorper tempus. Duis cursus pharetra cursus. Suspendisse pretium ut tortor non laoreet. Integer hendrerit placerat felis, cursus viverra lacus blandit a. Proin urna nulla, rhoncus a libero sit amet, ultricies facilisis purus. Etiam maximus condimentum efficitur. Quisque ornare, augue a viverra commodo, erat felis egestas metus, nec tempus ex dolor eget diam.</p><p>Sed et molestie orci. Fusce felis ante, tincidunt ac erat id, rutrum volutpat felis. Integer sagittis, felis sit amet imperdiet vulputate, dolor massa scelerisque tortor, in laoreet nisi eros in dolor. Curabitur eu tortor facilisis, tempor ligula sed, cursus quam. In sodales dui nec nisl accumsan tincidunt a ac augue. Donec a metus dolor. Suspendisse quis ligula vel nulla dictum elementum.</p><p>Donec vitae mi odio. Cras porttitor, quam a finibus vehicula, orci dui vestibulum erat, et congue diam ex ac arcu. Donec at nisi et augue volutpat convallis. Suspendisse fringilla felis dolor, et euismod elit bibendum et. Donec eget iaculis sapien. Ut nisi tortor, laoreet eu vestibulum vel, viverra at neque. Praesent eget tellus sollicitudin, lobortis enim vel, varius sem. Aenean hendrerit massa a consectetur porttitor. Proin nec dui magna. Suspendisse congue eros in nisl ultricies ullamcorper. Vestibulum tempus libero tempor, tristique erat ut, efficitur libero.</p>\\\", \\\"id\\\": \\\"4ef64b52-558c-4646-b173-f9ceebd19054\\\"}]\", \"date\": \"2018-01-11T16:13:00Z\", \"header_image\": null, \"excerpt\": \"<p>Sed et molestie orci. Fusce felis ante, tincidunt ac erat id, rutrum volutpat felis. Integer sagittis, felis sit amet imperdiet vulputate, dolor massa scelerisque tortor, in laoreet nisi eros in dolor. Curabitur eu tortor facilisis, tempor ligula sed, cursus quam. In sodales dui nec nisl accumsan tincidunt a ac augue. Donec a metus dolor. Suspendisse quis ligula vel nulla dictum elementum.</p>\", \"num_comments\": 0, \"entry_categories\": [], \"entry_tags\": [], \"related_entrypage_from\": [], \"related_entrypage_to\": []}", "approved_go_live_at": null}}, {"model": "wagtailcore.pagerevision", "pk": 34, "fields": {"page": 15, "submitted_for_moderation": false, "created_at": "2018-01-11T16:16:21.602Z", "user": 2, "content_json": "{\"pk\": 15, \"path\": \"000100020002\", \"depth\": 3, \"numchild\": 0, \"title\": \"Suspendisse quis ligula vel nulla dictum elementum.1\", \"draft_title\": \"Suspendisse quis ligula vel nulla dictum elementum.\", \"slug\": \"suspendisse-quis-ligula-vel-nulla-dictum-elementum1\", \"content_type\": 9, \"live\": true, \"has_unpublished_changes\": false, \"url_path\": \"/blog-page/suspendisse-quis-ligula-vel-nulla-dictum-elementum1/\", \"owner\": 2, \"seo_title\": \"\", \"show_in_menus\": false, \"search_description\": \"\", \"go_live_at\": null, \"expire_at\": null, \"expired\": false, \"locked\": false, \"first_published_at\": \"2018-01-11T16:16:14.062Z\", \"last_published_at\": \"2018-01-11T16:16:14.062Z\", \"latest_revision_created_at\": \"2018-01-11T16:16:14.048Z\", \"live_revision\": 32, \"new_body\": \"[{\\\"type\\\": \\\"paragraph\\\", \\\"value\\\": \\\"<p>Sed iaculis, quam at semper varius, massa enim commodo nisl, sit amet posuere quam eros ut quam. Praesent lacinia ligula et facilisis tempor. Aenean non efficitur nunc. Ut fringilla arcu quis orci tempus mollis. Sed a scelerisque ipsum, in mollis justo. Suspendisse potenti. Donec sed commodo est, ac laoreet ligula. Mauris eu eros rutrum, posuere diam et, facilisis lectus. Phasellus diam libero, vestibulum ac turpis id, commodo dictum quam. Donec non ligula sit amet erat interdum auctor nec vel sem.</p>\\\", \\\"id\\\": \\\"315249f1-b394-4f32-960d-355721a03b50\\\"}, {\\\"type\\\": \\\"embed\\\", \\\"value\\\": \\\"https://www.youtube.com/watch?v=9u4f2YOfuBk\\\", \\\"id\\\": \\\"910ae27d-6d2c-4f23-98c0-10dc74b1cb8a\\\"}, {\\\"type\\\": \\\"CodeBlock\\\", \\\"value\\\": [{\\\"type\\\": \\\"code\\\", \\\"value\\\": {\\\"language\\\": \\\"python\\\", \\\"code\\\": \\\"#!/usr/bin/env python\\\\r\\\\nfrom __future__ import absolute_import, unicode_literals\\\\r\\\\n\\\\r\\\\nimport os\\\\r\\\\nimport sys\\\\r\\\\n\\\\r\\\\nif __name__ == \\\\\\\"__main__\\\\\\\":\\\\r\\\\n    os.environ.setdefault(\\\\\\\"DJANGO_SETTINGS_MODULE\\\\\\\", \\\\\\\"blog.settings.dev\\\\\\\")\\\\r\\\\n\\\\r\\\\n    from django.core.management import execute_from_command_line\\\"}, \\\"id\\\": \\\"f5175c42-aaeb-4258-b6fb-9f1392e8836b\\\"}], \\\"id\\\": \\\"2132e7f5-86c8-4811-9328-13fa70f91e4c\\\"}, {\\\"type\\\": \\\"paragraph\\\", \\\"value\\\": \\\"<p>Lorem ipsum dolor sit amet, consectetur adipiscing elit. Donec odio mi, vehicula tristique tristique et, porttitor at odio. Vivamus vel ipsum nisl. Nullam fringilla sollicitudin fringilla. Suspendisse potenti. Duis non sodales diam, eu luctus neque. Integer at fermentum magna, eu varius felis. Vestibulum tempor enim nec sapien tincidunt bibendum. Nulla sagittis dignissim lectus, dictum ultricies dui ornare at. Morbi a turpis justo. Aliquam non dictum odio, id mollis ligula. Suspendisse tellus lacus, eleifend at tellus venenatis, faucibus laoreet nunc. Etiam tincidunt congue erat, ac posuere ex volutpat eu. Ut vehicula sem at libero consequat, tempor condimentum nisl blandit.</p><p>Sed iaculis, quam at semper varius, massa enim commodo nisl, sit amet posuere quam eros ut quam. Praesent lacinia ligula et facilisis tempor. Aenean non efficitur nunc. Ut fringilla arcu quis orci tempus mollis. Sed a scelerisque ipsum, in mollis justo. Suspendisse potenti. Donec sed commodo est, ac laoreet ligula. Mauris eu eros rutrum, posuere diam et, facilisis lectus. Phasellus diam libero, vestibulum ac turpis id, commodo dictum quam. Donec non ligula sit amet erat interdum auctor nec vel sem.</p><p>Nulla nisl sapien, placerat a elementum eu, feugiat vel arcu. Cras egestas dignissim velit, in molestie ex maximus in. Integer nec dui non est ullamcorper tempus. Duis cursus pharetra cursus. Suspendisse pretium ut tortor non laoreet. Integer hendrerit placerat felis, cursus viverra lacus blandit a. Proin urna nulla, rhoncus a libero sit amet, ultricies facilisis purus. Etiam maximus condimentum efficitur. Quisque ornare, augue a viverra commodo, erat felis egestas metus, nec tempus ex dolor eget diam.</p><p>Sed et molestie orci. Fusce felis ante, tincidunt ac erat id, rutrum volutpat felis. Integer sagittis, felis sit amet imperdiet vulputate, dolor massa scelerisque tortor, in laoreet nisi eros in dolor. Curabitur eu tortor facilisis, tempor ligula sed, cursus quam. In sodales dui nec nisl accumsan tincidunt a ac augue. Donec a metus dolor. Suspendisse quis ligula vel nulla dictum elementum.</p><p>Donec vitae mi odio. Cras porttitor, quam a finibus vehicula, orci dui vestibulum erat, et congue diam ex ac arcu. Donec at nisi et augue volutpat convallis. Suspendisse fringilla felis dolor, et euismod elit bibendum et. Donec eget iaculis sapien. Ut nisi tortor, laoreet eu vestibulum vel, viverra at neque. Praesent eget tellus sollicitudin, lobortis enim vel, varius sem. Aenean hendrerit massa a consectetur porttitor. Proin nec dui magna. Suspendisse congue eros in nisl ultricies ullamcorper. Vestibulum tempus libero tempor, tristique erat ut, efficitur libero.</p>\\\", \\\"id\\\": \\\"4ef64b52-558c-4646-b173-f9ceebd19054\\\"}]\", \"date\": \"2018-01-11T16:13:00Z\", \"header_image\": null, \"excerpt\": \"<p>Sed et molestie orci. Fusce felis ante, tincidunt ac erat id, rutrum volutpat felis. Integer sagittis, felis sit amet imperdiet vulputate, dolor massa scelerisque tortor, in laoreet nisi eros in dolor. Curabitur eu tortor facilisis, tempor ligula sed, cursus quam. In sodales dui nec nisl accumsan tincidunt a ac augue. Donec a metus dolor. Suspendisse quis ligula vel nulla dictum elementum.</p>\", \"num_comments\": 0, \"entry_categories\": [], \"entry_tags\": [], \"related_entrypage_from\": [], \"related_entrypage_to\": []}", "approved_go_live_at": null}}, {"model": "wagtailcore.pagerevision", "pk": 35, "fields": {"page": 16, "submitted_for_moderation": false, "created_at": "2018-01-11T16:16:14.048Z", "user": 2, "content_json": "{\"pk\": 16, \"path\": \"000100020001\", \"depth\": 3, \"numchild\": 0, \"title\": \"Suspendisse quis ligula vel nulla dictum elementum.\", \"draft_title\": \"Suspendisse quis ligula vel nulla dictum elementum.\", \"slug\": \"suspendisse-quis-ligula-vel-nulla-dictum-elementum\", \"content_type\": 9, \"live\": true, \"has_unpublished_changes\": false, \"url_path\": \"/blog-page/suspendisse-quis-ligula-vel-nulla-dictum-elementum/\", \"owner\": 2, \"seo_title\": \"\", \"show_in_menus\": false, \"search_description\": \"\", \"go_live_at\": null, \"expire_at\": null, \"expired\": false, \"locked\": false, \"first_published_at\": null, \"last_published_at\": null, \"latest_revision_created_at\": null, \"live_revision\": null, \"new_body\": \"[{\\\"type\\\": \\\"paragraph\\\", \\\"value\\\": \\\"<p>Sed iaculis, quam at semper varius, massa enim commodo nisl, sit amet posuere quam eros ut quam. Praesent lacinia ligula et facilisis tempor. Aenean non efficitur nunc. Ut fringilla arcu quis orci tempus mollis. Sed a scelerisque ipsum, in mollis justo. Suspendisse potenti. Donec sed commodo est, ac laoreet ligula. Mauris eu eros rutrum, posuere diam et, facilisis lectus. Phasellus diam libero, vestibulum ac turpis id, commodo dictum quam. Donec non ligula sit amet erat interdum auctor nec vel sem.</p>\\\", \\\"id\\\": \\\"315249f1-b394-4f32-960d-355721a03b50\\\"}, {\\\"type\\\": \\\"embed\\\", \\\"value\\\": \\\"https://www.youtube.com/watch?v=9u4f2YOfuBk\\\", \\\"id\\\": \\\"910ae27d-6d2c-4f23-98c0-10dc74b1cb8a\\\"}, {\\\"type\\\": \\\"CodeBlock\\\", \\\"value\\\": [{\\\"type\\\": \\\"code\\\", \\\"value\\\": {\\\"language\\\": \\\"python\\\", \\\"code\\\": \\\"#!/usr/bin/env python\\\\r\\\\nfrom __future__ import absolute_import, unicode_literals\\\\r\\\\n\\\\r\\\\nimport os\\\\r\\\\nimport sys\\\\r\\\\n\\\\r\\\\nif __name__ == \\\\\\\"__main__\\\\\\\":\\\\r\\\\n    os.environ.setdefault(\\\\\\\"DJANGO_SETTINGS_MODULE\\\\\\\", \\\\\\\"blog.settings.dev\\\\\\\")\\\\r\\\\n\\\\r\\\\n    from django.core.management import execute_from_command_line\\\"}, \\\"id\\\": \\\"f5175c42-aaeb-4258-b6fb-9f1392e8836b\\\"}], \\\"id\\\": \\\"2132e7f5-86c8-4811-9328-13fa70f91e4c\\\"}, {\\\"type\\\": \\\"paragraph\\\", \\\"value\\\": \\\"<p>Lorem ipsum dolor sit amet, consectetur adipiscing elit. Donec odio mi, vehicula tristique tristique et, porttitor at odio. Vivamus vel ipsum nisl. Nullam fringilla sollicitudin fringilla. Suspendisse potenti. Duis non sodales diam, eu luctus neque. Integer at fermentum magna, eu varius felis. Vestibulum tempor enim nec sapien tincidunt bibendum. Nulla sagittis dignissim lectus, dictum ultricies dui ornare at. Morbi a turpis justo. Aliquam non dictum odio, id mollis ligula. Suspendisse tellus lacus, eleifend at tellus venenatis, faucibus laoreet nunc. Etiam tincidunt congue erat, ac posuere ex volutpat eu. Ut vehicula sem at libero consequat, tempor condimentum nisl blandit.</p><p>Sed iaculis, quam at semper varius, massa enim commodo nisl, sit amet posuere quam eros ut quam. Praesent lacinia ligula et facilisis tempor. Aenean non efficitur nunc. Ut fringilla arcu quis orci tempus mollis. Sed a scelerisque ipsum, in mollis justo. Suspendisse potenti. Donec sed commodo est, ac laoreet ligula. Mauris eu eros rutrum, posuere diam et, facilisis lectus. Phasellus diam libero, vestibulum ac turpis id, commodo dictum quam. Donec non ligula sit amet erat interdum auctor nec vel sem.</p><p>Nulla nisl sapien, placerat a elementum eu, feugiat vel arcu. Cras egestas dignissim velit, in molestie ex maximus in. Integer nec dui non est ullamcorper tempus. Duis cursus pharetra cursus. Suspendisse pretium ut tortor non laoreet. Integer hendrerit placerat felis, cursus viverra lacus blandit a. Proin urna nulla, rhoncus a libero sit amet, ultricies facilisis purus. Etiam maximus condimentum efficitur. Quisque ornare, augue a viverra commodo, erat felis egestas metus, nec tempus ex dolor eget diam.</p><p>Sed et molestie orci. Fusce felis ante, tincidunt ac erat id, rutrum volutpat felis. Integer sagittis, felis sit amet imperdiet vulputate, dolor massa scelerisque tortor, in laoreet nisi eros in dolor. Curabitur eu tortor facilisis, tempor ligula sed, cursus quam. In sodales dui nec nisl accumsan tincidunt a ac augue. Donec a metus dolor. Suspendisse quis ligula vel nulla dictum elementum.</p><p>Donec vitae mi odio. Cras porttitor, quam a finibus vehicula, orci dui vestibulum erat, et congue diam ex ac arcu. Donec at nisi et augue volutpat convallis. Suspendisse fringilla felis dolor, et euismod elit bibendum et. Donec eget iaculis sapien. Ut nisi tortor, laoreet eu vestibulum vel, viverra at neque. Praesent eget tellus sollicitudin, lobortis enim vel, varius sem. Aenean hendrerit massa a consectetur porttitor. Proin nec dui magna. Suspendisse congue eros in nisl ultricies ullamcorper. Vestibulum tempus libero tempor, tristique erat ut, efficitur libero.</p>\\\", \\\"id\\\": \\\"4ef64b52-558c-4646-b173-f9ceebd19054\\\"}]\", \"date\": \"2018-01-11T16:13:00Z\", \"header_image\": null, \"excerpt\": \"<p>Sed et molestie orci. Fusce felis ante, tincidunt ac erat id, rutrum volutpat felis. Integer sagittis, felis sit amet imperdiet vulputate, dolor massa scelerisque tortor, in laoreet nisi eros in dolor. Curabitur eu tortor facilisis, tempor ligula sed, cursus quam. In sodales dui nec nisl accumsan tincidunt a ac augue. Donec a metus dolor. Suspendisse quis ligula vel nulla dictum elementum.</p>\", \"num_comments\": 0, \"entry_categories\": [], \"entry_tags\": [], \"related_entrypage_from\": [], \"related_entrypage_to\": []}", "approved_go_live_at": null}}, {"model": "wagtailcore.pagerevision", "pk": 36, "fields": {"page": 16, "submitted_for_moderation": false, "created_at": "2018-01-11T16:16:27.727Z", "user": 2, "content_json": "{\"pk\": 16, \"path\": \"000100020003\", \"depth\": 3, \"numchild\": 0, \"title\": \"Suspendisse quis ligula vel nulla dictum elementum.2\", \"draft_title\": \"Suspendisse quis ligula vel nulla dictum elementum.\", \"slug\": \"suspendisse-quis-ligula-vel-nulla-dictum-elementum2\", \"content_type\": 9, \"live\": true, \"has_unpublished_changes\": false, \"url_path\": \"/blog-page/suspendisse-quis-ligula-vel-nulla-dictum-elementum2/\", \"owner\": 2, \"seo_title\": \"\", \"show_in_menus\": false, \"search_description\": \"\", \"go_live_at\": null, \"expire_at\": null, \"expired\": false, \"locked\": false, \"first_published_at\": \"2018-01-11T16:16:14.062Z\", \"last_published_at\": \"2018-01-11T16:16:14.062Z\", \"latest_revision_created_at\": \"2018-01-11T16:16:14.048Z\", \"live_revision\": 32, \"new_body\": \"[{\\\"type\\\": \\\"paragraph\\\", \\\"value\\\": \\\"<p>Sed iaculis, quam at semper varius, massa enim commodo nisl, sit amet posuere quam eros ut quam. Praesent lacinia ligula et facilisis tempor. Aenean non efficitur nunc. Ut fringilla arcu quis orci tempus mollis. Sed a scelerisque ipsum, in mollis justo. Suspendisse potenti. Donec sed commodo est, ac laoreet ligula. Mauris eu eros rutrum, posuere diam et, facilisis lectus. Phasellus diam libero, vestibulum ac turpis id, commodo dictum quam. Donec non ligula sit amet erat interdum auctor nec vel sem.</p>\\\", \\\"id\\\": \\\"315249f1-b394-4f32-960d-355721a03b50\\\"}, {\\\"type\\\": \\\"embed\\\", \\\"value\\\": \\\"https://www.youtube.com/watch?v=9u4f2YOfuBk\\\", \\\"id\\\": \\\"910ae27d-6d2c-4f23-98c0-10dc74b1cb8a\\\"}, {\\\"type\\\": \\\"CodeBlock\\\", \\\"value\\\": [{\\\"type\\\": \\\"code\\\", \\\"value\\\": {\\\"language\\\": \\\"python\\\", \\\"code\\\": \\\"#!/usr/bin/env python\\\\r\\\\nfrom __future__ import absolute_import, unicode_literals\\\\r\\\\n\\\\r\\\\nimport os\\\\r\\\\nimport sys\\\\r\\\\n\\\\r\\\\nif __name__ == \\\\\\\"__main__\\\\\\\":\\\\r\\\\n    os.environ.setdefault(\\\\\\\"DJANGO_SETTINGS_MODULE\\\\\\\", \\\\\\\"blog.settings.dev\\\\\\\")\\\\r\\\\n\\\\r\\\\n    from django.core.management import execute_from_command_line\\\"}, \\\"id\\\": \\\"f5175c42-aaeb-4258-b6fb-9f1392e8836b\\\"}], \\\"id\\\": \\\"2132e7f5-86c8-4811-9328-13fa70f91e4c\\\"}, {\\\"type\\\": \\\"paragraph\\\", \\\"value\\\": \\\"<p>Lorem ipsum dolor sit amet, consectetur adipiscing elit. Donec odio mi, vehicula tristique tristique et, porttitor at odio. Vivamus vel ipsum nisl. Nullam fringilla sollicitudin fringilla. Suspendisse potenti. Duis non sodales diam, eu luctus neque. Integer at fermentum magna, eu varius felis. Vestibulum tempor enim nec sapien tincidunt bibendum. Nulla sagittis dignissim lectus, dictum ultricies dui ornare at. Morbi a turpis justo. Aliquam non dictum odio, id mollis ligula. Suspendisse tellus lacus, eleifend at tellus venenatis, faucibus laoreet nunc. Etiam tincidunt congue erat, ac posuere ex volutpat eu. Ut vehicula sem at libero consequat, tempor condimentum nisl blandit.</p><p>Sed iaculis, quam at semper varius, massa enim commodo nisl, sit amet posuere quam eros ut quam. Praesent lacinia ligula et facilisis tempor. Aenean non efficitur nunc. Ut fringilla arcu quis orci tempus mollis. Sed a scelerisque ipsum, in mollis justo. Suspendisse potenti. Donec sed commodo est, ac laoreet ligula. Mauris eu eros rutrum, posuere diam et, facilisis lectus. Phasellus diam libero, vestibulum ac turpis id, commodo dictum quam. Donec non ligula sit amet erat interdum auctor nec vel sem.</p><p>Nulla nisl sapien, placerat a elementum eu, feugiat vel arcu. Cras egestas dignissim velit, in molestie ex maximus in. Integer nec dui non est ullamcorper tempus. Duis cursus pharetra cursus. Suspendisse pretium ut tortor non laoreet. Integer hendrerit placerat felis, cursus viverra lacus blandit a. Proin urna nulla, rhoncus a libero sit amet, ultricies facilisis purus. Etiam maximus condimentum efficitur. Quisque ornare, augue a viverra commodo, erat felis egestas metus, nec tempus ex dolor eget diam.</p><p>Sed et molestie orci. Fusce felis ante, tincidunt ac erat id, rutrum volutpat felis. Integer sagittis, felis sit amet imperdiet vulputate, dolor massa scelerisque tortor, in laoreet nisi eros in dolor. Curabitur eu tortor facilisis, tempor ligula sed, cursus quam. In sodales dui nec nisl accumsan tincidunt a ac augue. Donec a metus dolor. Suspendisse quis ligula vel nulla dictum elementum.</p><p>Donec vitae mi odio. Cras porttitor, quam a finibus vehicula, orci dui vestibulum erat, et congue diam ex ac arcu. Donec at nisi et augue volutpat convallis. Suspendisse fringilla felis dolor, et euismod elit bibendum et. Donec eget iaculis sapien. Ut nisi tortor, laoreet eu vestibulum vel, viverra at neque. Praesent eget tellus sollicitudin, lobortis enim vel, varius sem. Aenean hendrerit massa a consectetur porttitor. Proin nec dui magna. Suspendisse congue eros in nisl ultricies ullamcorper. Vestibulum tempus libero tempor, tristique erat ut, efficitur libero.</p>\\\", \\\"id\\\": \\\"4ef64b52-558c-4646-b173-f9ceebd19054\\\"}]\", \"date\": \"2018-01-11T16:13:00Z\", \"header_image\": null, \"excerpt\": \"<p>Sed et molestie orci. Fusce felis ante, tincidunt ac erat id, rutrum volutpat felis. Integer sagittis, felis sit amet imperdiet vulputate, dolor massa scelerisque tortor, in laoreet nisi eros in dolor. Curabitur eu tortor facilisis, tempor ligula sed, cursus quam. In sodales dui nec nisl accumsan tincidunt a ac augue. Donec a metus dolor. Suspendisse quis ligula vel nulla dictum elementum.</p>\", \"num_comments\": 0, \"entry_categories\": [], \"entry_tags\": [], \"related_entrypage_from\": [], \"related_entrypage_to\": []}", "approved_go_live_at": null}}, {"model": "wagtailcore.pagerevision", "pk": 37, "fields": {"page": 17, "submitted_for_moderation": false, "created_at": "2018-01-11T16:16:14.048Z", "user": 2, "content_json": "{\"pk\": 17, \"path\": \"000100020001\", \"depth\": 3, \"numchild\": 0, \"title\": \"Suspendisse quis ligula vel nulla dictum elementum.\", \"draft_title\": \"Suspendisse quis ligula vel nulla dictum elementum.\", \"slug\": \"suspendisse-quis-ligula-vel-nulla-dictum-elementum\", \"content_type\": 9, \"live\": true, \"has_unpublished_changes\": false, \"url_path\": \"/blog-page/suspendisse-quis-ligula-vel-nulla-dictum-elementum/\", \"owner\": 2, \"seo_title\": \"\", \"show_in_menus\": false, \"search_description\": \"\", \"go_live_at\": null, \"expire_at\": null, \"expired\": false, \"locked\": false, \"first_published_at\": null, \"last_published_at\": null, \"latest_revision_created_at\": null, \"live_revision\": null, \"new_body\": \"[{\\\"type\\\": \\\"paragraph\\\", \\\"value\\\": \\\"<p>Sed iaculis, quam at semper varius, massa enim commodo nisl, sit amet posuere quam eros ut quam. Praesent lacinia ligula et facilisis tempor. Aenean non efficitur nunc. Ut fringilla arcu quis orci tempus mollis. Sed a scelerisque ipsum, in mollis justo. Suspendisse potenti. Donec sed commodo est, ac laoreet ligula. Mauris eu eros rutrum, posuere diam et, facilisis lectus. Phasellus diam libero, vestibulum ac turpis id, commodo dictum quam. Donec non ligula sit amet erat interdum auctor nec vel sem.</p>\\\", \\\"id\\\": \\\"315249f1-b394-4f32-960d-355721a03b50\\\"}, {\\\"type\\\": \\\"embed\\\", \\\"value\\\": \\\"https://www.youtube.com/watch?v=9u4f2YOfuBk\\\", \\\"id\\\": \\\"910ae27d-6d2c-4f23-98c0-10dc74b1cb8a\\\"}, {\\\"type\\\": \\\"CodeBlock\\\", \\\"value\\\": [{\\\"type\\\": \\\"code\\\", \\\"value\\\": {\\\"language\\\": \\\"python\\\", \\\"code\\\": \\\"#!/usr/bin/env python\\\\r\\\\nfrom __future__ import absolute_import, unicode_literals\\\\r\\\\n\\\\r\\\\nimport os\\\\r\\\\nimport sys\\\\r\\\\n\\\\r\\\\nif __name__ == \\\\\\\"__main__\\\\\\\":\\\\r\\\\n    os.environ.setdefault(\\\\\\\"DJANGO_SETTINGS_MODULE\\\\\\\", \\\\\\\"blog.settings.dev\\\\\\\")\\\\r\\\\n\\\\r\\\\n    from django.core.management import execute_from_command_line\\\"}, \\\"id\\\": \\\"f5175c42-aaeb-4258-b6fb-9f1392e8836b\\\"}], \\\"id\\\": \\\"2132e7f5-86c8-4811-9328-13fa70f91e4c\\\"}, {\\\"type\\\": \\\"paragraph\\\", \\\"value\\\": \\\"<p>Lorem ipsum dolor sit amet, consectetur adipiscing elit. Donec odio mi, vehicula tristique tristique et, porttitor at odio. Vivamus vel ipsum nisl. Nullam fringilla sollicitudin fringilla. Suspendisse potenti. Duis non sodales diam, eu luctus neque. Integer at fermentum magna, eu varius felis. Vestibulum tempor enim nec sapien tincidunt bibendum. Nulla sagittis dignissim lectus, dictum ultricies dui ornare at. Morbi a turpis justo. Aliquam non dictum odio, id mollis ligula. Suspendisse tellus lacus, eleifend at tellus venenatis, faucibus laoreet nunc. Etiam tincidunt congue erat, ac posuere ex volutpat eu. Ut vehicula sem at libero consequat, tempor condimentum nisl blandit.</p><p>Sed iaculis, quam at semper varius, massa enim commodo nisl, sit amet posuere quam eros ut quam. Praesent lacinia ligula et facilisis tempor. Aenean non efficitur nunc. Ut fringilla arcu quis orci tempus mollis. Sed a scelerisque ipsum, in mollis justo. Suspendisse potenti. Donec sed commodo est, ac laoreet ligula. Mauris eu eros rutrum, posuere diam et, facilisis lectus. Phasellus diam libero, vestibulum ac turpis id, commodo dictum quam. Donec non ligula sit amet erat interdum auctor nec vel sem.</p><p>Nulla nisl sapien, placerat a elementum eu, feugiat vel arcu. Cras egestas dignissim velit, in molestie ex maximus in. Integer nec dui non est ullamcorper tempus. Duis cursus pharetra cursus. Suspendisse pretium ut tortor non laoreet. Integer hendrerit placerat felis, cursus viverra lacus blandit a. Proin urna nulla, rhoncus a libero sit amet, ultricies facilisis purus. Etiam maximus condimentum efficitur. Quisque ornare, augue a viverra commodo, erat felis egestas metus, nec tempus ex dolor eget diam.</p><p>Sed et molestie orci. Fusce felis ante, tincidunt ac erat id, rutrum volutpat felis. Integer sagittis, felis sit amet imperdiet vulputate, dolor massa scelerisque tortor, in laoreet nisi eros in dolor. Curabitur eu tortor facilisis, tempor ligula sed, cursus quam. In sodales dui nec nisl accumsan tincidunt a ac augue. Donec a metus dolor. Suspendisse quis ligula vel nulla dictum elementum.</p><p>Donec vitae mi odio. Cras porttitor, quam a finibus vehicula, orci dui vestibulum erat, et congue diam ex ac arcu. Donec at nisi et augue volutpat convallis. Suspendisse fringilla felis dolor, et euismod elit bibendum et. Donec eget iaculis sapien. Ut nisi tortor, laoreet eu vestibulum vel, viverra at neque. Praesent eget tellus sollicitudin, lobortis enim vel, varius sem. Aenean hendrerit massa a consectetur porttitor. Proin nec dui magna. Suspendisse congue eros in nisl ultricies ullamcorper. Vestibulum tempus libero tempor, tristique erat ut, efficitur libero.</p>\\\", \\\"id\\\": \\\"4ef64b52-558c-4646-b173-f9ceebd19054\\\"}]\", \"date\": \"2018-01-11T16:13:00Z\", \"header_image\": null, \"excerpt\": \"<p>Sed et molestie orci. Fusce felis ante, tincidunt ac erat id, rutrum volutpat felis. Integer sagittis, felis sit amet imperdiet vulputate, dolor massa scelerisque tortor, in laoreet nisi eros in dolor. Curabitur eu tortor facilisis, tempor ligula sed, cursus quam. In sodales dui nec nisl accumsan tincidunt a ac augue. Donec a metus dolor. Suspendisse quis ligula vel nulla dictum elementum.</p>\", \"num_comments\": 0, \"entry_categories\": [], \"entry_tags\": [], \"related_entrypage_from\": [], \"related_entrypage_to\": []}", "approved_go_live_at": null}}, {"model": "wagtailcore.pagerevision", "pk": 38, "fields": {"page": 17, "submitted_for_moderation": false, "created_at": "2018-01-11T16:16:32.733Z", "user": 2, "content_json": "{\"pk\": 17, \"path\": \"000100020004\", \"depth\": 3, \"numchild\": 0, \"title\": \"Suspendisse quis ligula vel nulla dictum elementum.3\", \"draft_title\": \"Suspendisse quis ligula vel nulla dictum elementum.\", \"slug\": \"suspendisse-quis-ligula-vel-nulla-dictum-elementum3\", \"content_type\": 9, \"live\": true, \"has_unpublished_changes\": false, \"url_path\": \"/blog-page/suspendisse-quis-ligula-vel-nulla-dictum-elementum3/\", \"owner\": 2, \"seo_title\": \"\", \"show_in_menus\": false, \"search_description\": \"\", \"go_live_at\": null, \"expire_at\": null, \"expired\": false, \"locked\": false, \"first_published_at\": \"2018-01-11T16:16:14.062Z\", \"last_published_at\": \"2018-01-11T16:16:14.062Z\", \"latest_revision_created_at\": \"2018-01-11T16:16:14.048Z\", \"live_revision\": 32, \"new_body\": \"[{\\\"type\\\": \\\"paragraph\\\", \\\"value\\\": \\\"<p>Sed iaculis, quam at semper varius, massa enim commodo nisl, sit amet posuere quam eros ut quam. Praesent lacinia ligula et facilisis tempor. Aenean non efficitur nunc. Ut fringilla arcu quis orci tempus mollis. Sed a scelerisque ipsum, in mollis justo. Suspendisse potenti. Donec sed commodo est, ac laoreet ligula. Mauris eu eros rutrum, posuere diam et, facilisis lectus. Phasellus diam libero, vestibulum ac turpis id, commodo dictum quam. Donec non ligula sit amet erat interdum auctor nec vel sem.</p>\\\", \\\"id\\\": \\\"315249f1-b394-4f32-960d-355721a03b50\\\"}, {\\\"type\\\": \\\"embed\\\", \\\"value\\\": \\\"https://www.youtube.com/watch?v=9u4f2YOfuBk\\\", \\\"id\\\": \\\"910ae27d-6d2c-4f23-98c0-10dc74b1cb8a\\\"}, {\\\"type\\\": \\\"CodeBlock\\\", \\\"value\\\": [{\\\"type\\\": \\\"code\\\", \\\"value\\\": {\\\"language\\\": \\\"python\\\", \\\"code\\\": \\\"#!/usr/bin/env python\\\\r\\\\nfrom __future__ import absolute_import, unicode_literals\\\\r\\\\n\\\\r\\\\nimport os\\\\r\\\\nimport sys\\\\r\\\\n\\\\r\\\\nif __name__ == \\\\\\\"__main__\\\\\\\":\\\\r\\\\n    os.environ.setdefault(\\\\\\\"DJANGO_SETTINGS_MODULE\\\\\\\", \\\\\\\"blog.settings.dev\\\\\\\")\\\\r\\\\n\\\\r\\\\n    from django.core.management import execute_from_command_line\\\"}, \\\"id\\\": \\\"f5175c42-aaeb-4258-b6fb-9f1392e8836b\\\"}], \\\"id\\\": \\\"2132e7f5-86c8-4811-9328-13fa70f91e4c\\\"}, {\\\"type\\\": \\\"paragraph\\\", \\\"value\\\": \\\"<p>Lorem ipsum dolor sit amet, consectetur adipiscing elit. Donec odio mi, vehicula tristique tristique et, porttitor at odio. Vivamus vel ipsum nisl. Nullam fringilla sollicitudin fringilla. Suspendisse potenti. Duis non sodales diam, eu luctus neque. Integer at fermentum magna, eu varius felis. Vestibulum tempor enim nec sapien tincidunt bibendum. Nulla sagittis dignissim lectus, dictum ultricies dui ornare at. Morbi a turpis justo. Aliquam non dictum odio, id mollis ligula. Suspendisse tellus lacus, eleifend at tellus venenatis, faucibus laoreet nunc. Etiam tincidunt congue erat, ac posuere ex volutpat eu. Ut vehicula sem at libero consequat, tempor condimentum nisl blandit.</p><p>Sed iaculis, quam at semper varius, massa enim commodo nisl, sit amet posuere quam eros ut quam. Praesent lacinia ligula et facilisis tempor. Aenean non efficitur nunc. Ut fringilla arcu quis orci tempus mollis. Sed a scelerisque ipsum, in mollis justo. Suspendisse potenti. Donec sed commodo est, ac laoreet ligula. Mauris eu eros rutrum, posuere diam et, facilisis lectus. Phasellus diam libero, vestibulum ac turpis id, commodo dictum quam. Donec non ligula sit amet erat interdum auctor nec vel sem.</p><p>Nulla nisl sapien, placerat a elementum eu, feugiat vel arcu. Cras egestas dignissim velit, in molestie ex maximus in. Integer nec dui non est ullamcorper tempus. Duis cursus pharetra cursus. Suspendisse pretium ut tortor non laoreet. Integer hendrerit placerat felis, cursus viverra lacus blandit a. Proin urna nulla, rhoncus a libero sit amet, ultricies facilisis purus. Etiam maximus condimentum efficitur. Quisque ornare, augue a viverra commodo, erat felis egestas metus, nec tempus ex dolor eget diam.</p><p>Sed et molestie orci. Fusce felis ante, tincidunt ac erat id, rutrum volutpat felis. Integer sagittis, felis sit amet imperdiet vulputate, dolor massa scelerisque tortor, in laoreet nisi eros in dolor. Curabitur eu tortor facilisis, tempor ligula sed, cursus quam. In sodales dui nec nisl accumsan tincidunt a ac augue. Donec a metus dolor. Suspendisse quis ligula vel nulla dictum elementum.</p><p>Donec vitae mi odio. Cras porttitor, quam a finibus vehicula, orci dui vestibulum erat, et congue diam ex ac arcu. Donec at nisi et augue volutpat convallis. Suspendisse fringilla felis dolor, et euismod elit bibendum et. Donec eget iaculis sapien. Ut nisi tortor, laoreet eu vestibulum vel, viverra at neque. Praesent eget tellus sollicitudin, lobortis enim vel, varius sem. Aenean hendrerit massa a consectetur porttitor. Proin nec dui magna. Suspendisse congue eros in nisl ultricies ullamcorper. Vestibulum tempus libero tempor, tristique erat ut, efficitur libero.</p>\\\", \\\"id\\\": \\\"4ef64b52-558c-4646-b173-f9ceebd19054\\\"}]\", \"date\": \"2018-01-11T16:13:00Z\", \"header_image\": null, \"excerpt\": \"<p>Sed et molestie orci. Fusce felis ante, tincidunt ac erat id, rutrum volutpat felis. Integer sagittis, felis sit amet imperdiet vulputate, dolor massa scelerisque tortor, in laoreet nisi eros in dolor. Curabitur eu tortor facilisis, tempor ligula sed, cursus quam. In sodales dui nec nisl accumsan tincidunt a ac augue. Donec a metus dolor. Suspendisse quis ligula vel nulla dictum elementum.</p>\", \"num_comments\": 0, \"entry_categories\": [], \"entry_tags\": [], \"related_entrypage_from\": [], \"related_entrypage_to\": []}", "approved_go_live_at": null}}, {"model": "wagtailcore.pagerevision", "pk": 39, "fields": {"page": 18, "submitted_for_moderation": false, "created_at": "2018-01-11T16:16:14.048Z", "user": 2, "content_json": "{\"pk\": 18, \"path\": \"000100020001\", \"depth\": 3, \"numchild\": 0, \"title\": \"Suspendisse quis ligula vel nulla dictum elementum.\", \"draft_title\": \"Suspendisse quis ligula vel nulla dictum elementum.\", \"slug\": \"suspendisse-quis-ligula-vel-nulla-dictum-elementum\", \"content_type\": 9, \"live\": true, \"has_unpublished_changes\": false, \"url_path\": \"/blog-page/suspendisse-quis-ligula-vel-nulla-dictum-elementum/\", \"owner\": 2, \"seo_title\": \"\", \"show_in_menus\": false, \"search_description\": \"\", \"go_live_at\": null, \"expire_at\": null, \"expired\": false, \"locked\": false, \"first_published_at\": null, \"last_published_at\": null, \"latest_revision_created_at\": null, \"live_revision\": null, \"new_body\": \"[{\\\"type\\\": \\\"paragraph\\\", \\\"value\\\": \\\"<p>Sed iaculis, quam at semper varius, massa enim commodo nisl, sit amet posuere quam eros ut quam. Praesent lacinia ligula et facilisis tempor. Aenean non efficitur nunc. Ut fringilla arcu quis orci tempus mollis. Sed a scelerisque ipsum, in mollis justo. Suspendisse potenti. Donec sed commodo est, ac laoreet ligula. Mauris eu eros rutrum, posuere diam et, facilisis lectus. Phasellus diam libero, vestibulum ac turpis id, commodo dictum quam. Donec non ligula sit amet erat interdum auctor nec vel sem.</p>\\\", \\\"id\\\": \\\"315249f1-b394-4f32-960d-355721a03b50\\\"}, {\\\"type\\\": \\\"embed\\\", \\\"value\\\": \\\"https://www.youtube.com/watch?v=9u4f2YOfuBk\\\", \\\"id\\\": \\\"910ae27d-6d2c-4f23-98c0-10dc74b1cb8a\\\"}, {\\\"type\\\": \\\"CodeBlock\\\", \\\"value\\\": [{\\\"type\\\": \\\"code\\\", \\\"value\\\": {\\\"language\\\": \\\"python\\\", \\\"code\\\": \\\"#!/usr/bin/env python\\\\r\\\\nfrom __future__ import absolute_import, unicode_literals\\\\r\\\\n\\\\r\\\\nimport os\\\\r\\\\nimport sys\\\\r\\\\n\\\\r\\\\nif __name__ == \\\\\\\"__main__\\\\\\\":\\\\r\\\\n    os.environ.setdefault(\\\\\\\"DJANGO_SETTINGS_MODULE\\\\\\\", \\\\\\\"blog.settings.dev\\\\\\\")\\\\r\\\\n\\\\r\\\\n    from django.core.management import execute_from_command_line\\\"}, \\\"id\\\": \\\"f5175c42-aaeb-4258-b6fb-9f1392e8836b\\\"}], \\\"id\\\": \\\"2132e7f5-86c8-4811-9328-13fa70f91e4c\\\"}, {\\\"type\\\": \\\"paragraph\\\", \\\"value\\\": \\\"<p>Lorem ipsum dolor sit amet, consectetur adipiscing elit. Donec odio mi, vehicula tristique tristique et, porttitor at odio. Vivamus vel ipsum nisl. Nullam fringilla sollicitudin fringilla. Suspendisse potenti. Duis non sodales diam, eu luctus neque. Integer at fermentum magna, eu varius felis. Vestibulum tempor enim nec sapien tincidunt bibendum. Nulla sagittis dignissim lectus, dictum ultricies dui ornare at. Morbi a turpis justo. Aliquam non dictum odio, id mollis ligula. Suspendisse tellus lacus, eleifend at tellus venenatis, faucibus laoreet nunc. Etiam tincidunt congue erat, ac posuere ex volutpat eu. Ut vehicula sem at libero consequat, tempor condimentum nisl blandit.</p><p>Sed iaculis, quam at semper varius, massa enim commodo nisl, sit amet posuere quam eros ut quam. Praesent lacinia ligula et facilisis tempor. Aenean non efficitur nunc. Ut fringilla arcu quis orci tempus mollis. Sed a scelerisque ipsum, in mollis justo. Suspendisse potenti. Donec sed commodo est, ac laoreet ligula. Mauris eu eros rutrum, posuere diam et, facilisis lectus. Phasellus diam libero, vestibulum ac turpis id, commodo dictum quam. Donec non ligula sit amet erat interdum auctor nec vel sem.</p><p>Nulla nisl sapien, placerat a elementum eu, feugiat vel arcu. Cras egestas dignissim velit, in molestie ex maximus in. Integer nec dui non est ullamcorper tempus. Duis cursus pharetra cursus. Suspendisse pretium ut tortor non laoreet. Integer hendrerit placerat felis, cursus viverra lacus blandit a. Proin urna nulla, rhoncus a libero sit amet, ultricies facilisis purus. Etiam maximus condimentum efficitur. Quisque ornare, augue a viverra commodo, erat felis egestas metus, nec tempus ex dolor eget diam.</p><p>Sed et molestie orci. Fusce felis ante, tincidunt ac erat id, rutrum volutpat felis. Integer sagittis, felis sit amet imperdiet vulputate, dolor massa scelerisque tortor, in laoreet nisi eros in dolor. Curabitur eu tortor facilisis, tempor ligula sed, cursus quam. In sodales dui nec nisl accumsan tincidunt a ac augue. Donec a metus dolor. Suspendisse quis ligula vel nulla dictum elementum.</p><p>Donec vitae mi odio. Cras porttitor, quam a finibus vehicula, orci dui vestibulum erat, et congue diam ex ac arcu. Donec at nisi et augue volutpat convallis. Suspendisse fringilla felis dolor, et euismod elit bibendum et. Donec eget iaculis sapien. Ut nisi tortor, laoreet eu vestibulum vel, viverra at neque. Praesent eget tellus sollicitudin, lobortis enim vel, varius sem. Aenean hendrerit massa a consectetur porttitor. Proin nec dui magna. Suspendisse congue eros in nisl ultricies ullamcorper. Vestibulum tempus libero tempor, tristique erat ut, efficitur libero.</p>\\\", \\\"id\\\": \\\"4ef64b52-558c-4646-b173-f9ceebd19054\\\"}]\", \"date\": \"2018-01-11T16:13:00Z\", \"header_image\": null, \"excerpt\": \"<p>Sed et molestie orci. Fusce felis ante, tincidunt ac erat id, rutrum volutpat felis. Integer sagittis, felis sit amet imperdiet vulputate, dolor massa scelerisque tortor, in laoreet nisi eros in dolor. Curabitur eu tortor facilisis, tempor ligula sed, cursus quam. In sodales dui nec nisl accumsan tincidunt a ac augue. Donec a metus dolor. Suspendisse quis ligula vel nulla dictum elementum.</p>\", \"num_comments\": 0, \"entry_categories\": [], \"entry_tags\": [], \"related_entrypage_from\": [], \"related_entrypage_to\": []}", "approved_go_live_at": null}}, {"model": "wagtailcore.pagerevision", "pk": 40, "fields": {"page": 18, "submitted_for_moderation": false, "created_at": "2018-01-11T16:16:37.716Z", "user": 2, "content_json": "{\"pk\": 18, \"path\": \"000100020005\", \"depth\": 3, \"numchild\": 0, \"title\": \"Suspendisse quis ligula vel nulla dictum elementum.4\", \"draft_title\": \"Suspendisse quis ligula vel nulla dictum elementum.\", \"slug\": \"suspendisse-quis-ligula-vel-nulla-dictum-elementum4\", \"content_type\": 9, \"live\": true, \"has_unpublished_changes\": false, \"url_path\": \"/blog-page/suspendisse-quis-ligula-vel-nulla-dictum-elementum4/\", \"owner\": 2, \"seo_title\": \"\", \"show_in_menus\": false, \"search_description\": \"\", \"go_live_at\": null, \"expire_at\": null, \"expired\": false, \"locked\": false, \"first_published_at\": \"2018-01-11T16:16:14.062Z\", \"last_published_at\": \"2018-01-11T16:16:14.062Z\", \"latest_revision_created_at\": \"2018-01-11T16:16:14.048Z\", \"live_revision\": 32, \"new_body\": \"[{\\\"type\\\": \\\"paragraph\\\", \\\"value\\\": \\\"<p>Sed iaculis, quam at semper varius, massa enim commodo nisl, sit amet posuere quam eros ut quam. Praesent lacinia ligula et facilisis tempor. Aenean non efficitur nunc. Ut fringilla arcu quis orci tempus mollis. Sed a scelerisque ipsum, in mollis justo. Suspendisse potenti. Donec sed commodo est, ac laoreet ligula. Mauris eu eros rutrum, posuere diam et, facilisis lectus. Phasellus diam libero, vestibulum ac turpis id, commodo dictum quam. Donec non ligula sit amet erat interdum auctor nec vel sem.</p>\\\", \\\"id\\\": \\\"315249f1-b394-4f32-960d-355721a03b50\\\"}, {\\\"type\\\": \\\"embed\\\", \\\"value\\\": \\\"https://www.youtube.com/watch?v=9u4f2YOfuBk\\\", \\\"id\\\": \\\"910ae27d-6d2c-4f23-98c0-10dc74b1cb8a\\\"}, {\\\"type\\\": \\\"CodeBlock\\\", \\\"value\\\": [{\\\"type\\\": \\\"code\\\", \\\"value\\\": {\\\"language\\\": \\\"python\\\", \\\"code\\\": \\\"#!/usr/bin/env python\\\\r\\\\nfrom __future__ import absolute_import, unicode_literals\\\\r\\\\n\\\\r\\\\nimport os\\\\r\\\\nimport sys\\\\r\\\\n\\\\r\\\\nif __name__ == \\\\\\\"__main__\\\\\\\":\\\\r\\\\n    os.environ.setdefault(\\\\\\\"DJANGO_SETTINGS_MODULE\\\\\\\", \\\\\\\"blog.settings.dev\\\\\\\")\\\\r\\\\n\\\\r\\\\n    from django.core.management import execute_from_command_line\\\"}, \\\"id\\\": \\\"f5175c42-aaeb-4258-b6fb-9f1392e8836b\\\"}], \\\"id\\\": \\\"2132e7f5-86c8-4811-9328-13fa70f91e4c\\\"}, {\\\"type\\\": \\\"paragraph\\\", \\\"value\\\": \\\"<p>Lorem ipsum dolor sit amet, consectetur adipiscing elit. Donec odio mi, vehicula tristique tristique et, porttitor at odio. Vivamus vel ipsum nisl. Nullam fringilla sollicitudin fringilla. Suspendisse potenti. Duis non sodales diam, eu luctus neque. Integer at fermentum magna, eu varius felis. Vestibulum tempor enim nec sapien tincidunt bibendum. Nulla sagittis dignissim lectus, dictum ultricies dui ornare at. Morbi a turpis justo. Aliquam non dictum odio, id mollis ligula. Suspendisse tellus lacus, eleifend at tellus venenatis, faucibus laoreet nunc. Etiam tincidunt congue erat, ac posuere ex volutpat eu. Ut vehicula sem at libero consequat, tempor condimentum nisl blandit.</p><p>Sed iaculis, quam at semper varius, massa enim commodo nisl, sit amet posuere quam eros ut quam. Praesent lacinia ligula et facilisis tempor. Aenean non efficitur nunc. Ut fringilla arcu quis orci tempus mollis. Sed a scelerisque ipsum, in mollis justo. Suspendisse potenti. Donec sed commodo est, ac laoreet ligula. Mauris eu eros rutrum, posuere diam et, facilisis lectus. Phasellus diam libero, vestibulum ac turpis id, commodo dictum quam. Donec non ligula sit amet erat interdum auctor nec vel sem.</p><p>Nulla nisl sapien, placerat a elementum eu, feugiat vel arcu. Cras egestas dignissim velit, in molestie ex maximus in. Integer nec dui non est ullamcorper tempus. Duis cursus pharetra cursus. Suspendisse pretium ut tortor non laoreet. Integer hendrerit placerat felis, cursus viverra lacus blandit a. Proin urna nulla, rhoncus a libero sit amet, ultricies facilisis purus. Etiam maximus condimentum efficitur. Quisque ornare, augue a viverra commodo, erat felis egestas metus, nec tempus ex dolor eget diam.</p><p>Sed et molestie orci. Fusce felis ante, tincidunt ac erat id, rutrum volutpat felis. Integer sagittis, felis sit amet imperdiet vulputate, dolor massa scelerisque tortor, in laoreet nisi eros in dolor. Curabitur eu tortor facilisis, tempor ligula sed, cursus quam. In sodales dui nec nisl accumsan tincidunt a ac augue. Donec a metus dolor. Suspendisse quis ligula vel nulla dictum elementum.</p><p>Donec vitae mi odio. Cras porttitor, quam a finibus vehicula, orci dui vestibulum erat, et congue diam ex ac arcu. Donec at nisi et augue volutpat convallis. Suspendisse fringilla felis dolor, et euismod elit bibendum et. Donec eget iaculis sapien. Ut nisi tortor, laoreet eu vestibulum vel, viverra at neque. Praesent eget tellus sollicitudin, lobortis enim vel, varius sem. Aenean hendrerit massa a consectetur porttitor. Proin nec dui magna. Suspendisse congue eros in nisl ultricies ullamcorper. Vestibulum tempus libero tempor, tristique erat ut, efficitur libero.</p>\\\", \\\"id\\\": \\\"4ef64b52-558c-4646-b173-f9ceebd19054\\\"}]\", \"date\": \"2018-01-11T16:13:00Z\", \"header_image\": null, \"excerpt\": \"<p>Sed et molestie orci. Fusce felis ante, tincidunt ac erat id, rutrum volutpat felis. Integer sagittis, felis sit amet imperdiet vulputate, dolor massa scelerisque tortor, in laoreet nisi eros in dolor. Curabitur eu tortor facilisis, tempor ligula sed, cursus quam. In sodales dui nec nisl accumsan tincidunt a ac augue. Donec a metus dolor. Suspendisse quis ligula vel nulla dictum elementum.</p>\", \"num_comments\": 0, \"entry_categories\": [], \"entry_tags\": [], \"related_entrypage_from\": [], \"related_entrypage_to\": []}", "approved_go_live_at": null}}, {"model": "wagtailcore.pagerevision", "pk": 41, "fields": {"page": 19, "submitted_for_moderation": false, "created_at": "2018-01-11T16:16:14.048Z", "user": 2, "content_json": "{\"pk\": 19, \"path\": \"000100020001\", \"depth\": 3, \"numchild\": 0, \"title\": \"Suspendisse quis ligula vel nulla dictum elementum.\", \"draft_title\": \"Suspendisse quis ligula vel nulla dictum elementum.\", \"slug\": \"suspendisse-quis-ligula-vel-nulla-dictum-elementum\", \"content_type\": 9, \"live\": true, \"has_unpublished_changes\": false, \"url_path\": \"/blog-page/suspendisse-quis-ligula-vel-nulla-dictum-elementum/\", \"owner\": 2, \"seo_title\": \"\", \"show_in_menus\": false, \"search_description\": \"\", \"go_live_at\": null, \"expire_at\": null, \"expired\": false, \"locked\": false, \"first_published_at\": null, \"last_published_at\": null, \"latest_revision_created_at\": null, \"live_revision\": null, \"new_body\": \"[{\\\"type\\\": \\\"paragraph\\\", \\\"value\\\": \\\"<p>Sed iaculis, quam at semper varius, massa enim commodo nisl, sit amet posuere quam eros ut quam. Praesent lacinia ligula et facilisis tempor. Aenean non efficitur nunc. Ut fringilla arcu quis orci tempus mollis. Sed a scelerisque ipsum, in mollis justo. Suspendisse potenti. Donec sed commodo est, ac laoreet ligula. Mauris eu eros rutrum, posuere diam et, facilisis lectus. Phasellus diam libero, vestibulum ac turpis id, commodo dictum quam. Donec non ligula sit amet erat interdum auctor nec vel sem.</p>\\\", \\\"id\\\": \\\"315249f1-b394-4f32-960d-355721a03b50\\\"}, {\\\"type\\\": \\\"embed\\\", \\\"value\\\": \\\"https://www.youtube.com/watch?v=9u4f2YOfuBk\\\", \\\"id\\\": \\\"910ae27d-6d2c-4f23-98c0-10dc74b1cb8a\\\"}, {\\\"type\\\": \\\"CodeBlock\\\", \\\"value\\\": [{\\\"type\\\": \\\"code\\\", \\\"value\\\": {\\\"language\\\": \\\"python\\\", \\\"code\\\": \\\"#!/usr/bin/env python\\\\r\\\\nfrom __future__ import absolute_import, unicode_literals\\\\r\\\\n\\\\r\\\\nimport os\\\\r\\\\nimport sys\\\\r\\\\n\\\\r\\\\nif __name__ == \\\\\\\"__main__\\\\\\\":\\\\r\\\\n    os.environ.setdefault(\\\\\\\"DJANGO_SETTINGS_MODULE\\\\\\\", \\\\\\\"blog.settings.dev\\\\\\\")\\\\r\\\\n\\\\r\\\\n    from django.core.management import execute_from_command_line\\\"}, \\\"id\\\": \\\"f5175c42-aaeb-4258-b6fb-9f1392e8836b\\\"}], \\\"id\\\": \\\"2132e7f5-86c8-4811-9328-13fa70f91e4c\\\"}, {\\\"type\\\": \\\"paragraph\\\", \\\"value\\\": \\\"<p>Lorem ipsum dolor sit amet, consectetur adipiscing elit. Donec odio mi, vehicula tristique tristique et, porttitor at odio. Vivamus vel ipsum nisl. Nullam fringilla sollicitudin fringilla. Suspendisse potenti. Duis non sodales diam, eu luctus neque. Integer at fermentum magna, eu varius felis. Vestibulum tempor enim nec sapien tincidunt bibendum. Nulla sagittis dignissim lectus, dictum ultricies dui ornare at. Morbi a turpis justo. Aliquam non dictum odio, id mollis ligula. Suspendisse tellus lacus, eleifend at tellus venenatis, faucibus laoreet nunc. Etiam tincidunt congue erat, ac posuere ex volutpat eu. Ut vehicula sem at libero consequat, tempor condimentum nisl blandit.</p><p>Sed iaculis, quam at semper varius, massa enim commodo nisl, sit amet posuere quam eros ut quam. Praesent lacinia ligula et facilisis tempor. Aenean non efficitur nunc. Ut fringilla arcu quis orci tempus mollis. Sed a scelerisque ipsum, in mollis justo. Suspendisse potenti. Donec sed commodo est, ac laoreet ligula. Mauris eu eros rutrum, posuere diam et, facilisis lectus. Phasellus diam libero, vestibulum ac turpis id, commodo dictum quam. Donec non ligula sit amet erat interdum auctor nec vel sem.</p><p>Nulla nisl sapien, placerat a elementum eu, feugiat vel arcu. Cras egestas dignissim velit, in molestie ex maximus in. Integer nec dui non est ullamcorper tempus. Duis cursus pharetra cursus. Suspendisse pretium ut tortor non laoreet. Integer hendrerit placerat felis, cursus viverra lacus blandit a. Proin urna nulla, rhoncus a libero sit amet, ultricies facilisis purus. Etiam maximus condimentum efficitur. Quisque ornare, augue a viverra commodo, erat felis egestas metus, nec tempus ex dolor eget diam.</p><p>Sed et molestie orci. Fusce felis ante, tincidunt ac erat id, rutrum volutpat felis. Integer sagittis, felis sit amet imperdiet vulputate, dolor massa scelerisque tortor, in laoreet nisi eros in dolor. Curabitur eu tortor facilisis, tempor ligula sed, cursus quam. In sodales dui nec nisl accumsan tincidunt a ac augue. Donec a metus dolor. Suspendisse quis ligula vel nulla dictum elementum.</p><p>Donec vitae mi odio. Cras porttitor, quam a finibus vehicula, orci dui vestibulum erat, et congue diam ex ac arcu. Donec at nisi et augue volutpat convallis. Suspendisse fringilla felis dolor, et euismod elit bibendum et. Donec eget iaculis sapien. Ut nisi tortor, laoreet eu vestibulum vel, viverra at neque. Praesent eget tellus sollicitudin, lobortis enim vel, varius sem. Aenean hendrerit massa a consectetur porttitor. Proin nec dui magna. Suspendisse congue eros in nisl ultricies ullamcorper. Vestibulum tempus libero tempor, tristique erat ut, efficitur libero.</p>\\\", \\\"id\\\": \\\"4ef64b52-558c-4646-b173-f9ceebd19054\\\"}]\", \"date\": \"2018-01-11T16:13:00Z\", \"header_image\": null, \"excerpt\": \"<p>Sed et molestie orci. Fusce felis ante, tincidunt ac erat id, rutrum volutpat felis. Integer sagittis, felis sit amet imperdiet vulputate, dolor massa scelerisque tortor, in laoreet nisi eros in dolor. Curabitur eu tortor facilisis, tempor ligula sed, cursus quam. In sodales dui nec nisl accumsan tincidunt a ac augue. Donec a metus dolor. Suspendisse quis ligula vel nulla dictum elementum.</p>\", \"num_comments\": 0, \"entry_categories\": [], \"entry_tags\": [], \"related_entrypage_from\": [], \"related_entrypage_to\": []}", "approved_go_live_at": null}}, {"model": "wagtailcore.pagerevision", "pk": 42, "fields": {"page": 19, "submitted_for_moderation": false, "created_at": "2018-01-11T16:16:43.515Z", "user": 2, "content_json": "{\"pk\": 19, \"path\": \"000100020006\", \"depth\": 3, \"numchild\": 0, \"title\": \"Suspendisse quis ligula vel nulla dictum elementum.6\", \"draft_title\": \"Suspendisse quis ligula vel nulla dictum elementum.\", \"slug\": \"suspendisse-quis-ligula-vel-nulla-dictum-elementum6\", \"content_type\": 9, \"live\": true, \"has_unpublished_changes\": false, \"url_path\": \"/blog-page/suspendisse-quis-ligula-vel-nulla-dictum-elementum6/\", \"owner\": 2, \"seo_title\": \"\", \"show_in_menus\": false, \"search_description\": \"\", \"go_live_at\": null, \"expire_at\": null, \"expired\": false, \"locked\": false, \"first_published_at\": \"2018-01-11T16:16:14.062Z\", \"last_published_at\": \"2018-01-11T16:16:14.062Z\", \"latest_revision_created_at\": \"2018-01-11T16:16:14.048Z\", \"live_revision\": 32, \"new_body\": \"[{\\\"type\\\": \\\"paragraph\\\", \\\"value\\\": \\\"<p>Sed iaculis, quam at semper varius, massa enim commodo nisl, sit amet posuere quam eros ut quam. Praesent lacinia ligula et facilisis tempor. Aenean non efficitur nunc. Ut fringilla arcu quis orci tempus mollis. Sed a scelerisque ipsum, in mollis justo. Suspendisse potenti. Donec sed commodo est, ac laoreet ligula. Mauris eu eros rutrum, posuere diam et, facilisis lectus. Phasellus diam libero, vestibulum ac turpis id, commodo dictum quam. Donec non ligula sit amet erat interdum auctor nec vel sem.</p>\\\", \\\"id\\\": \\\"315249f1-b394-4f32-960d-355721a03b50\\\"}, {\\\"type\\\": \\\"embed\\\", \\\"value\\\": \\\"https://www.youtube.com/watch?v=9u4f2YOfuBk\\\", \\\"id\\\": \\\"910ae27d-6d2c-4f23-98c0-10dc74b1cb8a\\\"}, {\\\"type\\\": \\\"CodeBlock\\\", \\\"value\\\": [{\\\"type\\\": \\\"code\\\", \\\"value\\\": {\\\"language\\\": \\\"python\\\", \\\"code\\\": \\\"#!/usr/bin/env python\\\\r\\\\nfrom __future__ import absolute_import, unicode_literals\\\\r\\\\n\\\\r\\\\nimport os\\\\r\\\\nimport sys\\\\r\\\\n\\\\r\\\\nif __name__ == \\\\\\\"__main__\\\\\\\":\\\\r\\\\n    os.environ.setdefault(\\\\\\\"DJANGO_SETTINGS_MODULE\\\\\\\", \\\\\\\"blog.settings.dev\\\\\\\")\\\\r\\\\n\\\\r\\\\n    from django.core.management import execute_from_command_line\\\"}, \\\"id\\\": \\\"f5175c42-aaeb-4258-b6fb-9f1392e8836b\\\"}], \\\"id\\\": \\\"2132e7f5-86c8-4811-9328-13fa70f91e4c\\\"}, {\\\"type\\\": \\\"paragraph\\\", \\\"value\\\": \\\"<p>Lorem ipsum dolor sit amet, consectetur adipiscing elit. Donec odio mi, vehicula tristique tristique et, porttitor at odio. Vivamus vel ipsum nisl. Nullam fringilla sollicitudin fringilla. Suspendisse potenti. Duis non sodales diam, eu luctus neque. Integer at fermentum magna, eu varius felis. Vestibulum tempor enim nec sapien tincidunt bibendum. Nulla sagittis dignissim lectus, dictum ultricies dui ornare at. Morbi a turpis justo. Aliquam non dictum odio, id mollis ligula. Suspendisse tellus lacus, eleifend at tellus venenatis, faucibus laoreet nunc. Etiam tincidunt congue erat, ac posuere ex volutpat eu. Ut vehicula sem at libero consequat, tempor condimentum nisl blandit.</p><p>Sed iaculis, quam at semper varius, massa enim commodo nisl, sit amet posuere quam eros ut quam. Praesent lacinia ligula et facilisis tempor. Aenean non efficitur nunc. Ut fringilla arcu quis orci tempus mollis. Sed a scelerisque ipsum, in mollis justo. Suspendisse potenti. Donec sed commodo est, ac laoreet ligula. Mauris eu eros rutrum, posuere diam et, facilisis lectus. Phasellus diam libero, vestibulum ac turpis id, commodo dictum quam. Donec non ligula sit amet erat interdum auctor nec vel sem.</p><p>Nulla nisl sapien, placerat a elementum eu, feugiat vel arcu. Cras egestas dignissim velit, in molestie ex maximus in. Integer nec dui non est ullamcorper tempus. Duis cursus pharetra cursus. Suspendisse pretium ut tortor non laoreet. Integer hendrerit placerat felis, cursus viverra lacus blandit a. Proin urna nulla, rhoncus a libero sit amet, ultricies facilisis purus. Etiam maximus condimentum efficitur. Quisque ornare, augue a viverra commodo, erat felis egestas metus, nec tempus ex dolor eget diam.</p><p>Sed et molestie orci. Fusce felis ante, tincidunt ac erat id, rutrum volutpat felis. Integer sagittis, felis sit amet imperdiet vulputate, dolor massa scelerisque tortor, in laoreet nisi eros in dolor. Curabitur eu tortor facilisis, tempor ligula sed, cursus quam. In sodales dui nec nisl accumsan tincidunt a ac augue. Donec a metus dolor. Suspendisse quis ligula vel nulla dictum elementum.</p><p>Donec vitae mi odio. Cras porttitor, quam a finibus vehicula, orci dui vestibulum erat, et congue diam ex ac arcu. Donec at nisi et augue volutpat convallis. Suspendisse fringilla felis dolor, et euismod elit bibendum et. Donec eget iaculis sapien. Ut nisi tortor, laoreet eu vestibulum vel, viverra at neque. Praesent eget tellus sollicitudin, lobortis enim vel, varius sem. Aenean hendrerit massa a consectetur porttitor. Proin nec dui magna. Suspendisse congue eros in nisl ultricies ullamcorper. Vestibulum tempus libero tempor, tristique erat ut, efficitur libero.</p>\\\", \\\"id\\\": \\\"4ef64b52-558c-4646-b173-f9ceebd19054\\\"}]\", \"date\": \"2018-01-11T16:13:00Z\", \"header_image\": null, \"excerpt\": \"<p>Sed et molestie orci. Fusce felis ante, tincidunt ac erat id, rutrum volutpat felis. Integer sagittis, felis sit amet imperdiet vulputate, dolor massa scelerisque tortor, in laoreet nisi eros in dolor. Curabitur eu tortor facilisis, tempor ligula sed, cursus quam. In sodales dui nec nisl accumsan tincidunt a ac augue. Donec a metus dolor. Suspendisse quis ligula vel nulla dictum elementum.</p>\", \"num_comments\": 0, \"entry_categories\": [], \"entry_tags\": [], \"related_entrypage_from\": [], \"related_entrypage_to\": []}", "approved_go_live_at": null}}, {"model": "wagtailcore.pagerevision", "pk": 43, "fields": {"page": 20, "submitted_for_moderation": false, "created_at": "2018-01-11T16:16:14.048Z", "user": 2, "content_json": "{\"pk\": 20, \"path\": \"000100020001\", \"depth\": 3, \"numchild\": 0, \"title\": \"Suspendisse quis ligula vel nulla dictum elementum.\", \"draft_title\": \"Suspendisse quis ligula vel nulla dictum elementum.\", \"slug\": \"suspendisse-quis-ligula-vel-nulla-dictum-elementum\", \"content_type\": 9, \"live\": true, \"has_unpublished_changes\": false, \"url_path\": \"/blog-page/suspendisse-quis-ligula-vel-nulla-dictum-elementum/\", \"owner\": 2, \"seo_title\": \"\", \"show_in_menus\": false, \"search_description\": \"\", \"go_live_at\": null, \"expire_at\": null, \"expired\": false, \"locked\": false, \"first_published_at\": null, \"last_published_at\": null, \"latest_revision_created_at\": null, \"live_revision\": null, \"new_body\": \"[{\\\"type\\\": \\\"paragraph\\\", \\\"value\\\": \\\"<p>Sed iaculis, quam at semper varius, massa enim commodo nisl, sit amet posuere quam eros ut quam. Praesent lacinia ligula et facilisis tempor. Aenean non efficitur nunc. Ut fringilla arcu quis orci tempus mollis. Sed a scelerisque ipsum, in mollis justo. Suspendisse potenti. Donec sed commodo est, ac laoreet ligula. Mauris eu eros rutrum, posuere diam et, facilisis lectus. Phasellus diam libero, vestibulum ac turpis id, commodo dictum quam. Donec non ligula sit amet erat interdum auctor nec vel sem.</p>\\\", \\\"id\\\": \\\"315249f1-b394-4f32-960d-355721a03b50\\\"}, {\\\"type\\\": \\\"embed\\\", \\\"value\\\": \\\"https://www.youtube.com/watch?v=9u4f2YOfuBk\\\", \\\"id\\\": \\\"910ae27d-6d2c-4f23-98c0-10dc74b1cb8a\\\"}, {\\\"type\\\": \\\"CodeBlock\\\", \\\"value\\\": [{\\\"type\\\": \\\"code\\\", \\\"value\\\": {\\\"language\\\": \\\"python\\\", \\\"code\\\": \\\"#!/usr/bin/env python\\\\r\\\\nfrom __future__ import absolute_import, unicode_literals\\\\r\\\\n\\\\r\\\\nimport os\\\\r\\\\nimport sys\\\\r\\\\n\\\\r\\\\nif __name__ == \\\\\\\"__main__\\\\\\\":\\\\r\\\\n    os.environ.setdefault(\\\\\\\"DJANGO_SETTINGS_MODULE\\\\\\\", \\\\\\\"blog.settings.dev\\\\\\\")\\\\r\\\\n\\\\r\\\\n    from django.core.management import execute_from_command_line\\\"}, \\\"id\\\": \\\"f5175c42-aaeb-4258-b6fb-9f1392e8836b\\\"}], \\\"id\\\": \\\"2132e7f5-86c8-4811-9328-13fa70f91e4c\\\"}, {\\\"type\\\": \\\"paragraph\\\", \\\"value\\\": \\\"<p>Lorem ipsum dolor sit amet, consectetur adipiscing elit. Donec odio mi, vehicula tristique tristique et, porttitor at odio. Vivamus vel ipsum nisl. Nullam fringilla sollicitudin fringilla. Suspendisse potenti. Duis non sodales diam, eu luctus neque. Integer at fermentum magna, eu varius felis. Vestibulum tempor enim nec sapien tincidunt bibendum. Nulla sagittis dignissim lectus, dictum ultricies dui ornare at. Morbi a turpis justo. Aliquam non dictum odio, id mollis ligula. Suspendisse tellus lacus, eleifend at tellus venenatis, faucibus laoreet nunc. Etiam tincidunt congue erat, ac posuere ex volutpat eu. Ut vehicula sem at libero consequat, tempor condimentum nisl blandit.</p><p>Sed iaculis, quam at semper varius, massa enim commodo nisl, sit amet posuere quam eros ut quam. Praesent lacinia ligula et facilisis tempor. Aenean non efficitur nunc. Ut fringilla arcu quis orci tempus mollis. Sed a scelerisque ipsum, in mollis justo. Suspendisse potenti. Donec sed commodo est, ac laoreet ligula. Mauris eu eros rutrum, posuere diam et, facilisis lectus. Phasellus diam libero, vestibulum ac turpis id, commodo dictum quam. Donec non ligula sit amet erat interdum auctor nec vel sem.</p><p>Nulla nisl sapien, placerat a elementum eu, feugiat vel arcu. Cras egestas dignissim velit, in molestie ex maximus in. Integer nec dui non est ullamcorper tempus. Duis cursus pharetra cursus. Suspendisse pretium ut tortor non laoreet. Integer hendrerit placerat felis, cursus viverra lacus blandit a. Proin urna nulla, rhoncus a libero sit amet, ultricies facilisis purus. Etiam maximus condimentum efficitur. Quisque ornare, augue a viverra commodo, erat felis egestas metus, nec tempus ex dolor eget diam.</p><p>Sed et molestie orci. Fusce felis ante, tincidunt ac erat id, rutrum volutpat felis. Integer sagittis, felis sit amet imperdiet vulputate, dolor massa scelerisque tortor, in laoreet nisi eros in dolor. Curabitur eu tortor facilisis, tempor ligula sed, cursus quam. In sodales dui nec nisl accumsan tincidunt a ac augue. Donec a metus dolor. Suspendisse quis ligula vel nulla dictum elementum.</p><p>Donec vitae mi odio. Cras porttitor, quam a finibus vehicula, orci dui vestibulum erat, et congue diam ex ac arcu. Donec at nisi et augue volutpat convallis. Suspendisse fringilla felis dolor, et euismod elit bibendum et. Donec eget iaculis sapien. Ut nisi tortor, laoreet eu vestibulum vel, viverra at neque. Praesent eget tellus sollicitudin, lobortis enim vel, varius sem. Aenean hendrerit massa a consectetur porttitor. Proin nec dui magna. Suspendisse congue eros in nisl ultricies ullamcorper. Vestibulum tempus libero tempor, tristique erat ut, efficitur libero.</p>\\\", \\\"id\\\": \\\"4ef64b52-558c-4646-b173-f9ceebd19054\\\"}]\", \"date\": \"2018-01-11T16:13:00Z\", \"header_image\": null, \"excerpt\": \"<p>Sed et molestie orci. Fusce felis ante, tincidunt ac erat id, rutrum volutpat felis. Integer sagittis, felis sit amet imperdiet vulputate, dolor massa scelerisque tortor, in laoreet nisi eros in dolor. Curabitur eu tortor facilisis, tempor ligula sed, cursus quam. In sodales dui nec nisl accumsan tincidunt a ac augue. Donec a metus dolor. Suspendisse quis ligula vel nulla dictum elementum.</p>\", \"num_comments\": 0, \"entry_categories\": [], \"entry_tags\": [], \"related_entrypage_from\": [], \"related_entrypage_to\": []}", "approved_go_live_at": null}}, {"model": "wagtailcore.pagerevision", "pk": 44, "fields": {"page": 20, "submitted_for_moderation": false, "created_at": "2018-01-11T16:16:54.560Z", "user": 2, "content_json": "{\"pk\": 20, \"path\": \"000100020007\", \"depth\": 3, \"numchild\": 0, \"title\": \"Suspendisse quis ligula vel nulla dictum elementum.5\", \"draft_title\": \"Suspendisse quis ligula vel nulla dictum elementum.\", \"slug\": \"suspendisse-quis-ligula-vel-nulla-dictum-elementum5\", \"content_type\": 9, \"live\": true, \"has_unpublished_changes\": false, \"url_path\": \"/blog-page/suspendisse-quis-ligula-vel-nulla-dictum-elementum5/\", \"owner\": 2, \"seo_title\": \"\", \"show_in_menus\": false, \"search_description\": \"\", \"go_live_at\": null, \"expire_at\": null, \"expired\": false, \"locked\": false, \"first_published_at\": \"2018-01-11T16:16:14.062Z\", \"last_published_at\": \"2018-01-11T16:16:14.062Z\", \"latest_revision_created_at\": \"2018-01-11T16:16:14.048Z\", \"live_revision\": 32, \"new_body\": \"[{\\\"type\\\": \\\"paragraph\\\", \\\"value\\\": \\\"<p>Sed iaculis, quam at semper varius, massa enim commodo nisl, sit amet posuere quam eros ut quam. Praesent lacinia ligula et facilisis tempor. Aenean non efficitur nunc. Ut fringilla arcu quis orci tempus mollis. Sed a scelerisque ipsum, in mollis justo. Suspendisse potenti. Donec sed commodo est, ac laoreet ligula. Mauris eu eros rutrum, posuere diam et, facilisis lectus. Phasellus diam libero, vestibulum ac turpis id, commodo dictum quam. Donec non ligula sit amet erat interdum auctor nec vel sem.</p>\\\", \\\"id\\\": \\\"315249f1-b394-4f32-960d-355721a03b50\\\"}, {\\\"type\\\": \\\"embed\\\", \\\"value\\\": \\\"https://www.youtube.com/watch?v=9u4f2YOfuBk\\\", \\\"id\\\": \\\"910ae27d-6d2c-4f23-98c0-10dc74b1cb8a\\\"}, {\\\"type\\\": \\\"CodeBlock\\\", \\\"value\\\": [{\\\"type\\\": \\\"code\\\", \\\"value\\\": {\\\"language\\\": \\\"python\\\", \\\"code\\\": \\\"#!/usr/bin/env python\\\\r\\\\nfrom __future__ import absolute_import, unicode_literals\\\\r\\\\n\\\\r\\\\nimport os\\\\r\\\\nimport sys\\\\r\\\\n\\\\r\\\\nif __name__ == \\\\\\\"__main__\\\\\\\":\\\\r\\\\n    os.environ.setdefault(\\\\\\\"DJANGO_SETTINGS_MODULE\\\\\\\", \\\\\\\"blog.settings.dev\\\\\\\")\\\\r\\\\n\\\\r\\\\n    from django.core.management import execute_from_command_line\\\"}, \\\"id\\\": \\\"f5175c42-aaeb-4258-b6fb-9f1392e8836b\\\"}], \\\"id\\\": \\\"2132e7f5-86c8-4811-9328-13fa70f91e4c\\\"}, {\\\"type\\\": \\\"paragraph\\\", \\\"value\\\": \\\"<p>Lorem ipsum dolor sit amet, consectetur adipiscing elit. Donec odio mi, vehicula tristique tristique et, porttitor at odio. Vivamus vel ipsum nisl. Nullam fringilla sollicitudin fringilla. Suspendisse potenti. Duis non sodales diam, eu luctus neque. Integer at fermentum magna, eu varius felis. Vestibulum tempor enim nec sapien tincidunt bibendum. Nulla sagittis dignissim lectus, dictum ultricies dui ornare at. Morbi a turpis justo. Aliquam non dictum odio, id mollis ligula. Suspendisse tellus lacus, eleifend at tellus venenatis, faucibus laoreet nunc. Etiam tincidunt congue erat, ac posuere ex volutpat eu. Ut vehicula sem at libero consequat, tempor condimentum nisl blandit.</p><p>Sed iaculis, quam at semper varius, massa enim commodo nisl, sit amet posuere quam eros ut quam. Praesent lacinia ligula et facilisis tempor. Aenean non efficitur nunc. Ut fringilla arcu quis orci tempus mollis. Sed a scelerisque ipsum, in mollis justo. Suspendisse potenti. Donec sed commodo est, ac laoreet ligula. Mauris eu eros rutrum, posuere diam et, facilisis lectus. Phasellus diam libero, vestibulum ac turpis id, commodo dictum quam. Donec non ligula sit amet erat interdum auctor nec vel sem.</p><p>Nulla nisl sapien, placerat a elementum eu, feugiat vel arcu. Cras egestas dignissim velit, in molestie ex maximus in. Integer nec dui non est ullamcorper tempus. Duis cursus pharetra cursus. Suspendisse pretium ut tortor non laoreet. Integer hendrerit placerat felis, cursus viverra lacus blandit a. Proin urna nulla, rhoncus a libero sit amet, ultricies facilisis purus. Etiam maximus condimentum efficitur. Quisque ornare, augue a viverra commodo, erat felis egestas metus, nec tempus ex dolor eget diam.</p><p>Sed et molestie orci. Fusce felis ante, tincidunt ac erat id, rutrum volutpat felis. Integer sagittis, felis sit amet imperdiet vulputate, dolor massa scelerisque tortor, in laoreet nisi eros in dolor. Curabitur eu tortor facilisis, tempor ligula sed, cursus quam. In sodales dui nec nisl accumsan tincidunt a ac augue. Donec a metus dolor. Suspendisse quis ligula vel nulla dictum elementum.</p><p>Donec vitae mi odio. Cras porttitor, quam a finibus vehicula, orci dui vestibulum erat, et congue diam ex ac arcu. Donec at nisi et augue volutpat convallis. Suspendisse fringilla felis dolor, et euismod elit bibendum et. Donec eget iaculis sapien. Ut nisi tortor, laoreet eu vestibulum vel, viverra at neque. Praesent eget tellus sollicitudin, lobortis enim vel, varius sem. Aenean hendrerit massa a consectetur porttitor. Proin nec dui magna. Suspendisse congue eros in nisl ultricies ullamcorper. Vestibulum tempus libero tempor, tristique erat ut, efficitur libero.</p>\\\", \\\"id\\\": \\\"4ef64b52-558c-4646-b173-f9ceebd19054\\\"}]\", \"date\": \"2018-01-11T16:13:00Z\", \"header_image\": null, \"excerpt\": \"<p>Sed et molestie orci. Fusce felis ante, tincidunt ac erat id, rutrum volutpat felis. Integer sagittis, felis sit amet imperdiet vulputate, dolor massa scelerisque tortor, in laoreet nisi eros in dolor. Curabitur eu tortor facilisis, tempor ligula sed, cursus quam. In sodales dui nec nisl accumsan tincidunt a ac augue. Donec a metus dolor. Suspendisse quis ligula vel nulla dictum elementum.</p>\", \"num_comments\": 0, \"entry_categories\": [], \"entry_tags\": [], \"related_entrypage_from\": [], \"related_entrypage_to\": []}", "approved_go_live_at": null}}, {"model": "wagtailcore.page", "pk": 1, "fields": {"path": "0001", "depth": 1, "numchild": 2, "title": "Root", "draft_title": "Root", "slug": "root", "content_type": 1, "live": true, "has_unpublished_changes": false, "url_path": "/", "owner": null, "seo_title": "", "show_in_menus": false, "search_description": "", "go_live_at": null, "expire_at": null, "expired": false, "locked": false, "first_published_at": null, "last_published_at": null, "latest_revision_created_at": null, "live_revision": null}}, {"model": "wagtailcore.page", "pk": 3, "fields": {"path": "00010001", "depth": 2, "numchild": 0, "title": "Home", "draft_title": "Home", "slug": "home", "content_type": 2, "live": true, "has_unpublished_changes": false, "url_path": "/home/", "owner": null, "seo_title": "", "show_in_menus": false, "search_description": "", "go_live_at": null, "expire_at": null, "expired": false, "locked": false, "first_published_at": null, "last_published_at": null, "latest_revision_created_at": null, "live_revision": null}}, {"model": "wagtailcore.page", "pk": 13, "fields": {"path": "00010002", "depth": 2, "numchild": 7, "title": "Blog Page", "draft_title": "Blog Page", "slug": "blog-page", "content_type": 6, "live": true, "has_unpublished_changes": false, "url_path": "/blog-page/", "owner": 2, "seo_title": "", "show_in_menus": false, "search_description": "", "go_live_at": null, "expire_at": null, "expired": false, "locked": false, "first_published_at": "2018-01-11T16:12:56.733Z", "last_published_at": "2018-01-11T16:12:56.733Z", "latest_revision_created_at": "2018-01-11T16:12:56.721Z", "live_revision": 31}}, {"model": "wagtailcore.page", "pk": 14, "fields": {"path": "000100020001", "depth": 3, "numchild": 0, "title": "Suspendisse quis ligula vel nulla dictum elementum.", "draft_title": "Suspendisse quis ligula vel nulla dictum elementum.", "slug": "suspendisse-quis-ligula-vel-nulla-dictum-elementum", "content_type": 9, "live": true, "has_unpublished_changes": false, "url_path": "/blog-page/suspendisse-quis-ligula-vel-nulla-dictum-elementum/", "owner": 2, "seo_title": "", "show_in_menus": false, "search_description": "", "go_live_at": null, "expire_at": null, "expired": false, "locked": false, "first_published_at": "2018-01-11T16:16:14.062Z", "last_published_at": "2018-01-11T16:16:14.062Z", "latest_revision_created_at": "2018-01-11T16:16:14.048Z", "live_revision": 32}}, {"model": "wagtailcore.page", "pk": 15, "fields": {"path": "000100020002", "depth": 3, "numchild": 0, "title": "Suspendisse quis ligula vel nulla dictum elementum.1", "draft_title": "Suspendisse quis ligula vel nulla dictum elementum.1", "slug": "suspendisse-quis-ligula-vel-nulla-dictum-elementum1", "content_type": 9, "live": true, "has_unpublished_changes": false, "url_path": "/blog-page/suspendisse-quis-ligula-vel-nulla-dictum-elementum1/", "owner": 2, "seo_title": "", "show_in_menus": false, "search_description": "", "go_live_at": null, "expire_at": null, "expired": false, "locked": false, "first_published_at": "2018-01-11T16:16:21.602Z", "last_published_at": "2018-01-11T16:16:21.602Z", "latest_revision_created_at": "2018-01-11T16:16:21.602Z", "live_revision": 34}}, {"model": "wagtailcore.page", "pk": 16, "fields": {"path": "000100020003", "depth": 3, "numchild": 0, "title": "Suspendisse quis ligula vel nulla dictum elementum.2", "draft_title": "Suspendisse quis ligula vel nulla dictum elementum.2", "slug": "suspendisse-quis-ligula-vel-nulla-dictum-elementum2", "content_type": 9, "live": true, "has_unpublished_changes": false, "url_path": "/blog-page/suspendisse-quis-ligula-vel-nulla-dictum-elementum2/", "owner": 2, "seo_title": "", "show_in_menus": false, "search_description": "", "go_live_at": null, "expire_at": null, "expired": false, "locked": false, "first_published_at": "2018-01-11T16:16:27.727Z", "last_published_at": "2018-01-11T16:16:27.727Z", "latest_revision_created_at": "2018-01-11T16:16:27.727Z", "live_revision": 36}}, {"model": "wagtailcore.page", "pk": 17, "fields": {"path": "000100020004", "depth": 3, "numchild": 0, "title": "Suspendisse quis ligula vel nulla dictum elementum.3", "draft_title": "Suspendisse quis ligula vel nulla dictum elementum.3", "slug": "suspendisse-quis-ligula-vel-nulla-dictum-elementum3", "content_type": 9, "live": true, "has_unpublished_changes": false, "url_path": "/blog-page/suspendisse-quis-ligula-vel-nulla-dictum-elementum3/", "owner": 2, "seo_title": "", "show_in_menus": false, "search_description": "", "go_live_at": null, "expire_at": null, "expired": false, "locked": false, "first_published_at": "2018-01-11T16:16:32.733Z", "last_published_at": "2018-01-11T16:16:32.733Z", "latest_revision_created_at": "2018-01-11T16:16:32.733Z", "live_revision": 38}}, {"model": "wagtailcore.page", "pk": 18, "fields": {"path": "000100020005", "depth": 3, "numchild": 0, "title": "Suspendisse quis ligula vel nulla dictum elementum.4", "draft_title": "Suspendisse quis ligula vel nulla dictum elementum.4", "slug": "suspendisse-quis-ligula-vel-nulla-dictum-elementum4", "content_type": 9, "live": true, "has_unpublished_changes": false, "url_path": "/blog-page/suspendisse-quis-ligula-vel-nulla-dictum-elementum4/", "owner": 2, "seo_title": "", "show_in_menus": false, "search_description": "", "go_live_at": null, "expire_at": null, "expired": false, "locked": false, "first_published_at": "2018-01-11T16:16:37.716Z", "last_published_at": "2018-01-11T16:16:37.716Z", "latest_revision_created_at": "2018-01-11T16:16:37.716Z", "live_revision": 40}}, {"model": "wagtailcore.page", "pk": 19, "fields": {"path": "000100020006", "depth": 3, "numchild": 0, "title": "Suspendisse quis ligula vel nulla dictum elementum.6", "draft_title": "Suspendisse quis ligula vel nulla dictum elementum.6", "slug": "suspendisse-quis-ligula-vel-nulla-dictum-elementum6", "content_type": 9, "live": true, "has_unpublished_changes": false, "url_path": "/blog-page/suspendisse-quis-ligula-vel-nulla-dictum-elementum6/", "owner": 2, "seo_title": "", "show_in_menus": false, "search_description": "", "go_live_at": null, "expire_at": null, "expired": false, "locked": false, "first_published_at": "2018-01-11T16:16:43.515Z", "last_published_at": "2018-01-11T16:16:43.515Z", "latest_revision_created_at": "2018-01-11T16:16:43.515Z", "live_revision": 42}}, {"model": "wagtailcore.page", "pk": 20, "fields": {"path": "000100020007", "depth": 3, "numchild": 0, "title": "Suspendisse quis ligula vel nulla dictum elementum.5", "draft_title": "Suspendisse quis ligula vel nulla dictum elementum.5", "slug": "suspendisse-quis-ligula-vel-nulla-dictum-elementum5", "content_type": 9, "live": true, "has_unpublished_changes": false, "url_path": "/blog-page/suspendisse-quis-ligula-vel-nulla-dictum-elementum5/", "owner": 2, "seo_title": "", "show_in_menus": false, "search_description": "", "go_live_at": null, "expire_at": null, "expired": false, "locked": false, "first_published_at": "2018-01-11T16:16:54.560Z", "last_published_at": "2018-01-11T16:16:54.560Z", "latest_revision_created_at": "2018-01-11T16:16:54.560Z", "live_revision": 44}}, {"model": "puput.entrypage", "pk": 14, "fields": {"new_body": "[{\"type\": \"paragraph\", \"value\": \"<p>Sed iaculis, quam at semper varius, massa enim commodo nisl, sit amet posuere quam eros ut quam. Praesent lacinia ligula et facilisis tempor. Aenean non efficitur nunc. Ut fringilla arcu quis orci tempus mollis. Sed a scelerisque ipsum, in mollis justo. Suspendisse potenti. Donec sed commodo est, ac laoreet ligula. Mauris eu eros rutrum, posuere diam et, facilisis lectus. Phasellus diam libero, vestibulum ac turpis id, commodo dictum quam. Donec non ligula sit amet erat interdum auctor nec vel sem.</p>\", \"id\": \"315249f1-b394-4f32-960d-355721a03b50\"}, {\"type\": \"embed\", \"value\": \"https://www.youtube.com/watch?v=9u4f2YOfuBk\", \"id\": \"910ae27d-6d2c-4f23-98c0-10dc74b1cb8a\"}, {\"type\": \"CodeBlock\", \"value\": [{\"type\": \"code\", \"value\": {\"language\": \"python\", \"code\": \"#!/usr/bin/env python\\r\\nfrom __future__ import absolute_import, unicode_literals\\r\\n\\r\\nimport os\\r\\nimport sys\\r\\n\\r\\nif __name__ == \\\"__main__\\\":\\r\\n    os.environ.setdefault(\\\"DJANGO_SETTINGS_MODULE\\\", \\\"blog.settings.dev\\\")\\r\\n\\r\\n    from django.core.management import execute_from_command_line\"}, \"id\": \"f5175c42-aaeb-4258-b6fb-9f1392e8836b\"}], \"id\": \"2132e7f5-86c8-4811-9328-13fa70f91e4c\"}, {\"type\": \"paragraph\", \"value\": \"<p>Lorem ipsum dolor sit amet, consectetur adipiscing elit. Donec odio mi, vehicula tristique tristique et, porttitor at odio. Vivamus vel ipsum nisl. Nullam fringilla sollicitudin fringilla. Suspendisse potenti. Duis non sodales diam, eu luctus neque. Integer at fermentum magna, eu varius felis. Vestibulum tempor enim nec sapien tincidunt bibendum. Nulla sagittis dignissim lectus, dictum ultricies dui ornare at. Morbi a turpis justo. Aliquam non dictum odio, id mollis ligula. Suspendisse tellus lacus, eleifend at tellus venenatis, faucibus laoreet nunc. Etiam tincidunt congue erat, ac posuere ex volutpat eu. Ut vehicula sem at libero consequat, tempor condimentum nisl blandit.</p><p>Sed iaculis, quam at semper varius, massa enim commodo nisl, sit amet posuere quam eros ut quam. Praesent lacinia ligula et facilisis tempor. Aenean non efficitur nunc. Ut fringilla arcu quis orci tempus mollis. Sed a scelerisque ipsum, in mollis justo. Suspendisse potenti. Donec sed commodo est, ac laoreet ligula. Mauris eu eros rutrum, posuere diam et, facilisis lectus. Phasellus diam libero, vestibulum ac turpis id, commodo dictum quam. Donec non ligula sit amet erat interdum auctor nec vel sem.</p><p>Nulla nisl sapien, placerat a elementum eu, feugiat vel arcu. Cras egestas dignissim velit, in molestie ex maximus in. Integer nec dui non est ullamcorper tempus. Duis cursus pharetra cursus. Suspendisse pretium ut tortor non laoreet. Integer hendrerit placerat felis, cursus viverra lacus blandit a. Proin urna nulla, rhoncus a libero sit amet, ultricies facilisis purus. Etiam maximus condimentum efficitur. Quisque ornare, augue a viverra commodo, erat felis egestas metus, nec tempus ex dolor eget diam.</p><p>Sed et molestie orci. Fusce felis ante, tincidunt ac erat id, rutrum volutpat felis. Integer sagittis, felis sit amet imperdiet vulputate, dolor massa scelerisque tortor, in laoreet nisi eros in dolor. Curabitur eu tortor facilisis, tempor ligula sed, cursus quam. In sodales dui nec nisl accumsan tincidunt a ac augue. Donec a metus dolor. Suspendisse quis ligula vel nulla dictum elementum.</p><p>Donec vitae mi odio. Cras porttitor, quam a finibus vehicula, orci dui vestibulum erat, et congue diam ex ac arcu. Donec at nisi et augue volutpat convallis. Suspendisse fringilla felis dolor, et euismod elit bibendum et. Donec eget iaculis sapien. Ut nisi tortor, laoreet eu vestibulum vel, viverra at neque. Praesent eget tellus sollicitudin, lobortis enim vel, varius sem. Aenean hendrerit massa a consectetur porttitor. Proin nec dui magna. Suspendisse congue eros in nisl ultricies ullamcorper. Vestibulum tempus libero tempor, tristique erat ut, efficitur libero.</p>\", \"id\": \"4ef64b52-558c-4646-b173-f9ceebd19054\"}]", "date": "2018-01-11T16:13:00Z", "header_image": null, "excerpt": "<p>Sed et molestie orci. Fusce felis ante, tincidunt ac erat id, rutrum volutpat felis. Integer sagittis, felis sit amet imperdiet vulputate, dolor massa scelerisque tortor, in laoreet nisi eros in dolor. Curabitur eu tortor facilisis, tempor ligula sed, cursus quam. In sodales dui nec nisl accumsan tincidunt a ac augue. Donec a metus dolor. Suspendisse quis ligula vel nulla dictum elementum.</p>", "num_comments": 0}}, {"model": "puput.entrypage", "pk": 15, "fields": {"new_body": "[{\"type\": \"paragraph\", \"value\": \"<p>Sed iaculis, quam at semper varius, massa enim commodo nisl, sit amet posuere quam eros ut quam. Praesent lacinia ligula et facilisis tempor. Aenean non efficitur nunc. Ut fringilla arcu quis orci tempus mollis. Sed a scelerisque ipsum, in mollis justo. Suspendisse potenti. Donec sed commodo est, ac laoreet ligula. Mauris eu eros rutrum, posuere diam et, facilisis lectus. Phasellus diam libero, vestibulum ac turpis id, commodo dictum quam. Donec non ligula sit amet erat interdum auctor nec vel sem.</p>\", \"id\": \"315249f1-b394-4f32-960d-355721a03b50\"}, {\"type\": \"embed\", \"value\": \"https://www.youtube.com/watch?v=9u4f2YOfuBk\", \"id\": \"910ae27d-6d2c-4f23-98c0-10dc74b1cb8a\"}, {\"type\": \"CodeBlock\", \"value\": [{\"type\": \"code\", \"value\": {\"language\": \"python\", \"code\": \"#!/usr/bin/env python\\r\\nfrom __future__ import absolute_import, unicode_literals\\r\\n\\r\\nimport os\\r\\nimport sys\\r\\n\\r\\nif __name__ == \\\"__main__\\\":\\r\\n    os.environ.setdefault(\\\"DJANGO_SETTINGS_MODULE\\\", \\\"blog.settings.dev\\\")\\r\\n\\r\\n    from django.core.management import execute_from_command_line\"}, \"id\": \"f5175c42-aaeb-4258-b6fb-9f1392e8836b\"}], \"id\": \"2132e7f5-86c8-4811-9328-13fa70f91e4c\"}, {\"type\": \"paragraph\", \"value\": \"<p>Lorem ipsum dolor sit amet, consectetur adipiscing elit. Donec odio mi, vehicula tristique tristique et, porttitor at odio. Vivamus vel ipsum nisl. Nullam fringilla sollicitudin fringilla. Suspendisse potenti. Duis non sodales diam, eu luctus neque. Integer at fermentum magna, eu varius felis. Vestibulum tempor enim nec sapien tincidunt bibendum. Nulla sagittis dignissim lectus, dictum ultricies dui ornare at. Morbi a turpis justo. Aliquam non dictum odio, id mollis ligula. Suspendisse tellus lacus, eleifend at tellus venenatis, faucibus laoreet nunc. Etiam tincidunt congue erat, ac posuere ex volutpat eu. Ut vehicula sem at libero consequat, tempor condimentum nisl blandit.</p><p>Sed iaculis, quam at semper varius, massa enim commodo nisl, sit amet posuere quam eros ut quam. Praesent lacinia ligula et facilisis tempor. Aenean non efficitur nunc. Ut fringilla arcu quis orci tempus mollis. Sed a scelerisque ipsum, in mollis justo. Suspendisse potenti. Donec sed commodo est, ac laoreet ligula. Mauris eu eros rutrum, posuere diam et, facilisis lectus. Phasellus diam libero, vestibulum ac turpis id, commodo dictum quam. Donec non ligula sit amet erat interdum auctor nec vel sem.</p><p>Nulla nisl sapien, placerat a elementum eu, feugiat vel arcu. Cras egestas dignissim velit, in molestie ex maximus in. Integer nec dui non est ullamcorper tempus. Duis cursus pharetra cursus. Suspendisse pretium ut tortor non laoreet. Integer hendrerit placerat felis, cursus viverra lacus blandit a. Proin urna nulla, rhoncus a libero sit amet, ultricies facilisis purus. Etiam maximus condimentum efficitur. Quisque ornare, augue a viverra commodo, erat felis egestas metus, nec tempus ex dolor eget diam.</p><p>Sed et molestie orci. Fusce felis ante, tincidunt ac erat id, rutrum volutpat felis. Integer sagittis, felis sit amet imperdiet vulputate, dolor massa scelerisque tortor, in laoreet nisi eros in dolor. Curabitur eu tortor facilisis, tempor ligula sed, cursus quam. In sodales dui nec nisl accumsan tincidunt a ac augue. Donec a metus dolor. Suspendisse quis ligula vel nulla dictum elementum.</p><p>Donec vitae mi odio. Cras porttitor, quam a finibus vehicula, orci dui vestibulum erat, et congue diam ex ac arcu. Donec at nisi et augue volutpat convallis. Suspendisse fringilla felis dolor, et euismod elit bibendum et. Donec eget iaculis sapien. Ut nisi tortor, laoreet eu vestibulum vel, viverra at neque. Praesent eget tellus sollicitudin, lobortis enim vel, varius sem. Aenean hendrerit massa a consectetur porttitor. Proin nec dui magna. Suspendisse congue eros in nisl ultricies ullamcorper. Vestibulum tempus libero tempor, tristique erat ut, efficitur libero.</p>\", \"id\": \"4ef64b52-558c-4646-b173-f9ceebd19054\"}]", "date": "2018-01-11T16:13:00Z", "header_image": null, "excerpt": "<p>Sed et molestie orci. Fusce felis ante, tincidunt ac erat id, rutrum volutpat felis. Integer sagittis, felis sit amet imperdiet vulputate, dolor massa scelerisque tortor, in laoreet nisi eros in dolor. Curabitur eu tortor facilisis, tempor ligula sed, cursus quam. In sodales dui nec nisl accumsan tincidunt a ac augue. Donec a metus dolor. Suspendisse quis ligula vel nulla dictum elementum.</p>", "num_comments": 0}}, {"model": "puput.entrypage", "pk": 16, "fields": {"new_body": "[{\"type\": \"paragraph\", \"value\": \"<p>Sed iaculis, quam at semper varius, massa enim commodo nisl, sit amet posuere quam eros ut quam. Praesent lacinia ligula et facilisis tempor. Aenean non efficitur nunc. Ut fringilla arcu quis orci tempus mollis. Sed a scelerisque ipsum, in mollis justo. Suspendisse potenti. Donec sed commodo est, ac laoreet ligula. Mauris eu eros rutrum, posuere diam et, facilisis lectus. Phasellus diam libero, vestibulum ac turpis id, commodo dictum quam. Donec non ligula sit amet erat interdum auctor nec vel sem.</p>\", \"id\": \"315249f1-b394-4f32-960d-355721a03b50\"}, {\"type\": \"embed\", \"value\": \"https://www.youtube.com/watch?v=9u4f2YOfuBk\", \"id\": \"910ae27d-6d2c-4f23-98c0-10dc74b1cb8a\"}, {\"type\": \"CodeBlock\", \"value\": [{\"type\": \"code\", \"value\": {\"language\": \"python\", \"code\": \"#!/usr/bin/env python\\r\\nfrom __future__ import absolute_import, unicode_literals\\r\\n\\r\\nimport os\\r\\nimport sys\\r\\n\\r\\nif __name__ == \\\"__main__\\\":\\r\\n    os.environ.setdefault(\\\"DJANGO_SETTINGS_MODULE\\\", \\\"blog.settings.dev\\\")\\r\\n\\r\\n    from django.core.management import execute_from_command_line\"}, \"id\": \"f5175c42-aaeb-4258-b6fb-9f1392e8836b\"}], \"id\": \"2132e7f5-86c8-4811-9328-13fa70f91e4c\"}, {\"type\": \"paragraph\", \"value\": \"<p>Lorem ipsum dolor sit amet, consectetur adipiscing elit. Donec odio mi, vehicula tristique tristique et, porttitor at odio. Vivamus vel ipsum nisl. Nullam fringilla sollicitudin fringilla. Suspendisse potenti. Duis non sodales diam, eu luctus neque. Integer at fermentum magna, eu varius felis. Vestibulum tempor enim nec sapien tincidunt bibendum. Nulla sagittis dignissim lectus, dictum ultricies dui ornare at. Morbi a turpis justo. Aliquam non dictum odio, id mollis ligula. Suspendisse tellus lacus, eleifend at tellus venenatis, faucibus laoreet nunc. Etiam tincidunt congue erat, ac posuere ex volutpat eu. Ut vehicula sem at libero consequat, tempor condimentum nisl blandit.</p><p>Sed iaculis, quam at semper varius, massa enim commodo nisl, sit amet posuere quam eros ut quam. Praesent lacinia ligula et facilisis tempor. Aenean non efficitur nunc. Ut fringilla arcu quis orci tempus mollis. Sed a scelerisque ipsum, in mollis justo. Suspendisse potenti. Donec sed commodo est, ac laoreet ligula. Mauris eu eros rutrum, posuere diam et, facilisis lectus. Phasellus diam libero, vestibulum ac turpis id, commodo dictum quam. Donec non ligula sit amet erat interdum auctor nec vel sem.</p><p>Nulla nisl sapien, placerat a elementum eu, feugiat vel arcu. Cras egestas dignissim velit, in molestie ex maximus in. Integer nec dui non est ullamcorper tempus. Duis cursus pharetra cursus. Suspendisse pretium ut tortor non laoreet. Integer hendrerit placerat felis, cursus viverra lacus blandit a. Proin urna nulla, rhoncus a libero sit amet, ultricies facilisis purus. Etiam maximus condimentum efficitur. Quisque ornare, augue a viverra commodo, erat felis egestas metus, nec tempus ex dolor eget diam.</p><p>Sed et molestie orci. Fusce felis ante, tincidunt ac erat id, rutrum volutpat felis. Integer sagittis, felis sit amet imperdiet vulputate, dolor massa scelerisque tortor, in laoreet nisi eros in dolor. Curabitur eu tortor facilisis, tempor ligula sed, cursus quam. In sodales dui nec nisl accumsan tincidunt a ac augue. Donec a metus dolor. Suspendisse quis ligula vel nulla dictum elementum.</p><p>Donec vitae mi odio. Cras porttitor, quam a finibus vehicula, orci dui vestibulum erat, et congue diam ex ac arcu. Donec at nisi et augue volutpat convallis. Suspendisse fringilla felis dolor, et euismod elit bibendum et. Donec eget iaculis sapien. Ut nisi tortor, laoreet eu vestibulum vel, viverra at neque. Praesent eget tellus sollicitudin, lobortis enim vel, varius sem. Aenean hendrerit massa a consectetur porttitor. Proin nec dui magna. Suspendisse congue eros in nisl ultricies ullamcorper. Vestibulum tempus libero tempor, tristique erat ut, efficitur libero.</p>\", \"id\": \"4ef64b52-558c-4646-b173-f9ceebd19054\"}]", "date": "2018-01-11T16:13:00Z", "header_image": null, "excerpt": "<p>Sed et molestie orci. Fusce felis ante, tincidunt ac erat id, rutrum volutpat felis. Integer sagittis, felis sit amet imperdiet vulputate, dolor massa scelerisque tortor, in laoreet nisi eros in dolor. Curabitur eu tortor facilisis, tempor ligula sed, cursus quam. In sodales dui nec nisl accumsan tincidunt a ac augue. Donec a metus dolor. Suspendisse quis ligula vel nulla dictum elementum.</p>", "num_comments": 0}}, {"model": "puput.entrypage", "pk": 17, "fields": {"new_body": "[{\"type\": \"paragraph\", \"value\": \"<p>Sed iaculis, quam at semper varius, massa enim commodo nisl, sit amet posuere quam eros ut quam. Praesent lacinia ligula et facilisis tempor. Aenean non efficitur nunc. Ut fringilla arcu quis orci tempus mollis. Sed a scelerisque ipsum, in mollis justo. Suspendisse potenti. Donec sed commodo est, ac laoreet ligula. Mauris eu eros rutrum, posuere diam et, facilisis lectus. Phasellus diam libero, vestibulum ac turpis id, commodo dictum quam. Donec non ligula sit amet erat interdum auctor nec vel sem.</p>\", \"id\": \"315249f1-b394-4f32-960d-355721a03b50\"}, {\"type\": \"embed\", \"value\": \"https://www.youtube.com/watch?v=9u4f2YOfuBk\", \"id\": \"910ae27d-6d2c-4f23-98c0-10dc74b1cb8a\"}, {\"type\": \"CodeBlock\", \"value\": [{\"type\": \"code\", \"value\": {\"language\": \"python\", \"code\": \"#!/usr/bin/env python\\r\\nfrom __future__ import absolute_import, unicode_literals\\r\\n\\r\\nimport os\\r\\nimport sys\\r\\n\\r\\nif __name__ == \\\"__main__\\\":\\r\\n    os.environ.setdefault(\\\"DJANGO_SETTINGS_MODULE\\\", \\\"blog.settings.dev\\\")\\r\\n\\r\\n    from django.core.management import execute_from_command_line\"}, \"id\": \"f5175c42-aaeb-4258-b6fb-9f1392e8836b\"}], \"id\": \"2132e7f5-86c8-4811-9328-13fa70f91e4c\"}, {\"type\": \"paragraph\", \"value\": \"<p>Lorem ipsum dolor sit amet, consectetur adipiscing elit. Donec odio mi, vehicula tristique tristique et, porttitor at odio. Vivamus vel ipsum nisl. Nullam fringilla sollicitudin fringilla. Suspendisse potenti. Duis non sodales diam, eu luctus neque. Integer at fermentum magna, eu varius felis. Vestibulum tempor enim nec sapien tincidunt bibendum. Nulla sagittis dignissim lectus, dictum ultricies dui ornare at. Morbi a turpis justo. Aliquam non dictum odio, id mollis ligula. Suspendisse tellus lacus, eleifend at tellus venenatis, faucibus laoreet nunc. Etiam tincidunt congue erat, ac posuere ex volutpat eu. Ut vehicula sem at libero consequat, tempor condimentum nisl blandit.</p><p>Sed iaculis, quam at semper varius, massa enim commodo nisl, sit amet posuere quam eros ut quam. Praesent lacinia ligula et facilisis tempor. Aenean non efficitur nunc. Ut fringilla arcu quis orci tempus mollis. Sed a scelerisque ipsum, in mollis justo. Suspendisse potenti. Donec sed commodo est, ac laoreet ligula. Mauris eu eros rutrum, posuere diam et, facilisis lectus. Phasellus diam libero, vestibulum ac turpis id, commodo dictum quam. Donec non ligula sit amet erat interdum auctor nec vel sem.</p><p>Nulla nisl sapien, placerat a elementum eu, feugiat vel arcu. Cras egestas dignissim velit, in molestie ex maximus in. Integer nec dui non est ullamcorper tempus. Duis cursus pharetra cursus. Suspendisse pretium ut tortor non laoreet. Integer hendrerit placerat felis, cursus viverra lacus blandit a. Proin urna nulla, rhoncus a libero sit amet, ultricies facilisis purus. Etiam maximus condimentum efficitur. Quisque ornare, augue a viverra commodo, erat felis egestas metus, nec tempus ex dolor eget diam.</p><p>Sed et molestie orci. Fusce felis ante, tincidunt ac erat id, rutrum volutpat felis. Integer sagittis, felis sit amet imperdiet vulputate, dolor massa scelerisque tortor, in laoreet nisi eros in dolor. Curabitur eu tortor facilisis, tempor ligula sed, cursus quam. In sodales dui nec nisl accumsan tincidunt a ac augue. Donec a metus dolor. Suspendisse quis ligula vel nulla dictum elementum.</p><p>Donec vitae mi odio. Cras porttitor, quam a finibus vehicula, orci dui vestibulum erat, et congue diam ex ac arcu. Donec at nisi et augue volutpat convallis. Suspendisse fringilla felis dolor, et euismod elit bibendum et. Donec eget iaculis sapien. Ut nisi tortor, laoreet eu vestibulum vel, viverra at neque. Praesent eget tellus sollicitudin, lobortis enim vel, varius sem. Aenean hendrerit massa a consectetur porttitor. Proin nec dui magna. Suspendisse congue eros in nisl ultricies ullamcorper. Vestibulum tempus libero tempor, tristique erat ut, efficitur libero.</p>\", \"id\": \"4ef64b52-558c-4646-b173-f9ceebd19054\"}]", "date": "2018-01-11T16:13:00Z", "header_image": null, "excerpt": "<p>Sed et molestie orci. Fusce felis ante, tincidunt ac erat id, rutrum volutpat felis. Integer sagittis, felis sit amet imperdiet vulputate, dolor massa scelerisque tortor, in laoreet nisi eros in dolor. Curabitur eu tortor facilisis, tempor ligula sed, cursus quam. In sodales dui nec nisl accumsan tincidunt a ac augue. Donec a metus dolor. Suspendisse quis ligula vel nulla dictum elementum.</p>", "num_comments": 0}}, {"model": "puput.entrypage", "pk": 18, "fields": {"new_body": "[{\"type\": \"paragraph\", \"value\": \"<p>Sed iaculis, quam at semper varius, massa enim commodo nisl, sit amet posuere quam eros ut quam. Praesent lacinia ligula et facilisis tempor. Aenean non efficitur nunc. Ut fringilla arcu quis orci tempus mollis. Sed a scelerisque ipsum, in mollis justo. Suspendisse potenti. Donec sed commodo est, ac laoreet ligula. Mauris eu eros rutrum, posuere diam et, facilisis lectus. Phasellus diam libero, vestibulum ac turpis id, commodo dictum quam. Donec non ligula sit amet erat interdum auctor nec vel sem.</p>\", \"id\": \"315249f1-b394-4f32-960d-355721a03b50\"}, {\"type\": \"embed\", \"value\": \"https://www.youtube.com/watch?v=9u4f2YOfuBk\", \"id\": \"910ae27d-6d2c-4f23-98c0-10dc74b1cb8a\"}, {\"type\": \"CodeBlock\", \"value\": [{\"type\": \"code\", \"value\": {\"language\": \"python\", \"code\": \"#!/usr/bin/env python\\r\\nfrom __future__ import absolute_import, unicode_literals\\r\\n\\r\\nimport os\\r\\nimport sys\\r\\n\\r\\nif __name__ == \\\"__main__\\\":\\r\\n    os.environ.setdefault(\\\"DJANGO_SETTINGS_MODULE\\\", \\\"blog.settings.dev\\\")\\r\\n\\r\\n    from django.core.management import execute_from_command_line\"}, \"id\": \"f5175c42-aaeb-4258-b6fb-9f1392e8836b\"}], \"id\": \"2132e7f5-86c8-4811-9328-13fa70f91e4c\"}, {\"type\": \"paragraph\", \"value\": \"<p>Lorem ipsum dolor sit amet, consectetur adipiscing elit. Donec odio mi, vehicula tristique tristique et, porttitor at odio. Vivamus vel ipsum nisl. Nullam fringilla sollicitudin fringilla. Suspendisse potenti. Duis non sodales diam, eu luctus neque. Integer at fermentum magna, eu varius felis. Vestibulum tempor enim nec sapien tincidunt bibendum. Nulla sagittis dignissim lectus, dictum ultricies dui ornare at. Morbi a turpis justo. Aliquam non dictum odio, id mollis ligula. Suspendisse tellus lacus, eleifend at tellus venenatis, faucibus laoreet nunc. Etiam tincidunt congue erat, ac posuere ex volutpat eu. Ut vehicula sem at libero consequat, tempor condimentum nisl blandit.</p><p>Sed iaculis, quam at semper varius, massa enim commodo nisl, sit amet posuere quam eros ut quam. Praesent lacinia ligula et facilisis tempor. Aenean non efficitur nunc. Ut fringilla arcu quis orci tempus mollis. Sed a scelerisque ipsum, in mollis justo. Suspendisse potenti. Donec sed commodo est, ac laoreet ligula. Mauris eu eros rutrum, posuere diam et, facilisis lectus. Phasellus diam libero, vestibulum ac turpis id, commodo dictum quam. Donec non ligula sit amet erat interdum auctor nec vel sem.</p><p>Nulla nisl sapien, placerat a elementum eu, feugiat vel arcu. Cras egestas dignissim velit, in molestie ex maximus in. Integer nec dui non est ullamcorper tempus. Duis cursus pharetra cursus. Suspendisse pretium ut tortor non laoreet. Integer hendrerit placerat felis, cursus viverra lacus blandit a. Proin urna nulla, rhoncus a libero sit amet, ultricies facilisis purus. Etiam maximus condimentum efficitur. Quisque ornare, augue a viverra commodo, erat felis egestas metus, nec tempus ex dolor eget diam.</p><p>Sed et molestie orci. Fusce felis ante, tincidunt ac erat id, rutrum volutpat felis. Integer sagittis, felis sit amet imperdiet vulputate, dolor massa scelerisque tortor, in laoreet nisi eros in dolor. Curabitur eu tortor facilisis, tempor ligula sed, cursus quam. In sodales dui nec nisl accumsan tincidunt a ac augue. Donec a metus dolor. Suspendisse quis ligula vel nulla dictum elementum.</p><p>Donec vitae mi odio. Cras porttitor, quam a finibus vehicula, orci dui vestibulum erat, et congue diam ex ac arcu. Donec at nisi et augue volutpat convallis. Suspendisse fringilla felis dolor, et euismod elit bibendum et. Donec eget iaculis sapien. Ut nisi tortor, laoreet eu vestibulum vel, viverra at neque. Praesent eget tellus sollicitudin, lobortis enim vel, varius sem. Aenean hendrerit massa a consectetur porttitor. Proin nec dui magna. Suspendisse congue eros in nisl ultricies ullamcorper. Vestibulum tempus libero tempor, tristique erat ut, efficitur libero.</p>\", \"id\": \"4ef64b52-558c-4646-b173-f9ceebd19054\"}]", "date": "2018-01-11T16:13:00Z", "header_image": null, "excerpt": "<p>Sed et molestie orci. Fusce felis ante, tincidunt ac erat id, rutrum volutpat felis. Integer sagittis, felis sit amet imperdiet vulputate, dolor massa scelerisque tortor, in laoreet nisi eros in dolor. Curabitur eu tortor facilisis, tempor ligula sed, cursus quam. In sodales dui nec nisl accumsan tincidunt a ac augue. Donec a metus dolor. Suspendisse quis ligula vel nulla dictum elementum.</p>", "num_comments": 0}}, {"model": "puput.entrypage", "pk": 19, "fields": {"new_body": "[{\"type\": \"paragraph\", \"value\": \"<p>Sed iaculis, quam at semper varius, massa enim commodo nisl, sit amet posuere quam eros ut quam. Praesent lacinia ligula et facilisis tempor. Aenean non efficitur nunc. Ut fringilla arcu quis orci tempus mollis. Sed a scelerisque ipsum, in mollis justo. Suspendisse potenti. Donec sed commodo est, ac laoreet ligula. Mauris eu eros rutrum, posuere diam et, facilisis lectus. Phasellus diam libero, vestibulum ac turpis id, commodo dictum quam. Donec non ligula sit amet erat interdum auctor nec vel sem.</p>\", \"id\": \"315249f1-b394-4f32-960d-355721a03b50\"}, {\"type\": \"embed\", \"value\": \"https://www.youtube.com/watch?v=9u4f2YOfuBk\", \"id\": \"910ae27d-6d2c-4f23-98c0-10dc74b1cb8a\"}, {\"type\": \"CodeBlock\", \"value\": [{\"type\": \"code\", \"value\": {\"language\": \"python\", \"code\": \"#!/usr/bin/env python\\r\\nfrom __future__ import absolute_import, unicode_literals\\r\\n\\r\\nimport os\\r\\nimport sys\\r\\n\\r\\nif __name__ == \\\"__main__\\\":\\r\\n    os.environ.setdefault(\\\"DJANGO_SETTINGS_MODULE\\\", \\\"blog.settings.dev\\\")\\r\\n\\r\\n    from django.core.management import execute_from_command_line\"}, \"id\": \"f5175c42-aaeb-4258-b6fb-9f1392e8836b\"}], \"id\": \"2132e7f5-86c8-4811-9328-13fa70f91e4c\"}, {\"type\": \"paragraph\", \"value\": \"<p>Lorem ipsum dolor sit amet, consectetur adipiscing elit. Donec odio mi, vehicula tristique tristique et, porttitor at odio. Vivamus vel ipsum nisl. Nullam fringilla sollicitudin fringilla. Suspendisse potenti. Duis non sodales diam, eu luctus neque. Integer at fermentum magna, eu varius felis. Vestibulum tempor enim nec sapien tincidunt bibendum. Nulla sagittis dignissim lectus, dictum ultricies dui ornare at. Morbi a turpis justo. Aliquam non dictum odio, id mollis ligula. Suspendisse tellus lacus, eleifend at tellus venenatis, faucibus laoreet nunc. Etiam tincidunt congue erat, ac posuere ex volutpat eu. Ut vehicula sem at libero consequat, tempor condimentum nisl blandit.</p><p>Sed iaculis, quam at semper varius, massa enim commodo nisl, sit amet posuere quam eros ut quam. Praesent lacinia ligula et facilisis tempor. Aenean non efficitur nunc. Ut fringilla arcu quis orci tempus mollis. Sed a scelerisque ipsum, in mollis justo. Suspendisse potenti. Donec sed commodo est, ac laoreet ligula. Mauris eu eros rutrum, posuere diam et, facilisis lectus. Phasellus diam libero, vestibulum ac turpis id, commodo dictum quam. Donec non ligula sit amet erat interdum auctor nec vel sem.</p><p>Nulla nisl sapien, placerat a elementum eu, feugiat vel arcu. Cras egestas dignissim velit, in molestie ex maximus in. Integer nec dui non est ullamcorper tempus. Duis cursus pharetra cursus. Suspendisse pretium ut tortor non laoreet. Integer hendrerit placerat felis, cursus viverra lacus blandit a. Proin urna nulla, rhoncus a libero sit amet, ultricies facilisis purus. Etiam maximus condimentum efficitur. Quisque ornare, augue a viverra commodo, erat felis egestas metus, nec tempus ex dolor eget diam.</p><p>Sed et molestie orci. Fusce felis ante, tincidunt ac erat id, rutrum volutpat felis. Integer sagittis, felis sit amet imperdiet vulputate, dolor massa scelerisque tortor, in laoreet nisi eros in dolor. Curabitur eu tortor facilisis, tempor ligula sed, cursus quam. In sodales dui nec nisl accumsan tincidunt a ac augue. Donec a metus dolor. Suspendisse quis ligula vel nulla dictum elementum.</p><p>Donec vitae mi odio. Cras porttitor, quam a finibus vehicula, orci dui vestibulum erat, et congue diam ex ac arcu. Donec at nisi et augue volutpat convallis. Suspendisse fringilla felis dolor, et euismod elit bibendum et. Donec eget iaculis sapien. Ut nisi tortor, laoreet eu vestibulum vel, viverra at neque. Praesent eget tellus sollicitudin, lobortis enim vel, varius sem. Aenean hendrerit massa a consectetur porttitor. Proin nec dui magna. Suspendisse congue eros in nisl ultricies ullamcorper. Vestibulum tempus libero tempor, tristique erat ut, efficitur libero.</p>\", \"id\": \"4ef64b52-558c-4646-b173-f9ceebd19054\"}]", "date": "2018-01-11T16:13:00Z", "header_image": null, "excerpt": "<p>Sed et molestie orci. Fusce felis ante, tincidunt ac erat id, rutrum volutpat felis. Integer sagittis, felis sit amet imperdiet vulputate, dolor massa scelerisque tortor, in laoreet nisi eros in dolor. Curabitur eu tortor facilisis, tempor ligula sed, cursus quam. In sodales dui nec nisl accumsan tincidunt a ac augue. Donec a metus dolor. Suspendisse quis ligula vel nulla dictum elementum.</p>", "num_comments": 0}}, {"model": "puput.entrypage", "pk": 20, "fields": {"new_body": "[{\"type\": \"paragraph\", \"value\": \"<p>Sed iaculis, quam at semper varius, massa enim commodo nisl, sit amet posuere quam eros ut quam. Praesent lacinia ligula et facilisis tempor. Aenean non efficitur nunc. Ut fringilla arcu quis orci tempus mollis. Sed a scelerisque ipsum, in mollis justo. Suspendisse potenti. Donec sed commodo est, ac laoreet ligula. Mauris eu eros rutrum, posuere diam et, facilisis lectus. Phasellus diam libero, vestibulum ac turpis id, commodo dictum quam. Donec non ligula sit amet erat interdum auctor nec vel sem.</p>\", \"id\": \"315249f1-b394-4f32-960d-355721a03b50\"}, {\"type\": \"embed\", \"value\": \"https://www.youtube.com/watch?v=9u4f2YOfuBk\", \"id\": \"910ae27d-6d2c-4f23-98c0-10dc74b1cb8a\"}, {\"type\": \"CodeBlock\", \"value\": [{\"type\": \"code\", \"value\": {\"language\": \"python\", \"code\": \"#!/usr/bin/env python\\r\\nfrom __future__ import absolute_import, unicode_literals\\r\\n\\r\\nimport os\\r\\nimport sys\\r\\n\\r\\nif __name__ == \\\"__main__\\\":\\r\\n    os.environ.setdefault(\\\"DJANGO_SETTINGS_MODULE\\\", \\\"blog.settings.dev\\\")\\r\\n\\r\\n    from django.core.management import execute_from_command_line\"}, \"id\": \"f5175c42-aaeb-4258-b6fb-9f1392e8836b\"}], \"id\": \"2132e7f5-86c8-4811-9328-13fa70f91e4c\"}, {\"type\": \"paragraph\", \"value\": \"<p>Lorem ipsum dolor sit amet, consectetur adipiscing elit. Donec odio mi, vehicula tristique tristique et, porttitor at odio. Vivamus vel ipsum nisl. Nullam fringilla sollicitudin fringilla. Suspendisse potenti. Duis non sodales diam, eu luctus neque. Integer at fermentum magna, eu varius felis. Vestibulum tempor enim nec sapien tincidunt bibendum. Nulla sagittis dignissim lectus, dictum ultricies dui ornare at. Morbi a turpis justo. Aliquam non dictum odio, id mollis ligula. Suspendisse tellus lacus, eleifend at tellus venenatis, faucibus laoreet nunc. Etiam tincidunt congue erat, ac posuere ex volutpat eu. Ut vehicula sem at libero consequat, tempor condimentum nisl blandit.</p><p>Sed iaculis, quam at semper varius, massa enim commodo nisl, sit amet posuere quam eros ut quam. Praesent lacinia ligula et facilisis tempor. Aenean non efficitur nunc. Ut fringilla arcu quis orci tempus mollis. Sed a scelerisque ipsum, in mollis justo. Suspendisse potenti. Donec sed commodo est, ac laoreet ligula. Mauris eu eros rutrum, posuere diam et, facilisis lectus. Phasellus diam libero, vestibulum ac turpis id, commodo dictum quam. Donec non ligula sit amet erat interdum auctor nec vel sem.</p><p>Nulla nisl sapien, placerat a elementum eu, feugiat vel arcu. Cras egestas dignissim velit, in molestie ex maximus in. Integer nec dui non est ullamcorper tempus. Duis cursus pharetra cursus. Suspendisse pretium ut tortor non laoreet. Integer hendrerit placerat felis, cursus viverra lacus blandit a. Proin urna nulla, rhoncus a libero sit amet, ultricies facilisis purus. Etiam maximus condimentum efficitur. Quisque ornare, augue a viverra commodo, erat felis egestas metus, nec tempus ex dolor eget diam.</p><p>Sed et molestie orci. Fusce felis ante, tincidunt ac erat id, rutrum volutpat felis. Integer sagittis, felis sit amet imperdiet vulputate, dolor massa scelerisque tortor, in laoreet nisi eros in dolor. Curabitur eu tortor facilisis, tempor ligula sed, cursus quam. In sodales dui nec nisl accumsan tincidunt a ac augue. Donec a metus dolor. Suspendisse quis ligula vel nulla dictum elementum.</p><p>Donec vitae mi odio. Cras porttitor, quam a finibus vehicula, orci dui vestibulum erat, et congue diam ex ac arcu. Donec at nisi et augue volutpat convallis. Suspendisse fringilla felis dolor, et euismod elit bibendum et. Donec eget iaculis sapien. Ut nisi tortor, laoreet eu vestibulum vel, viverra at neque. Praesent eget tellus sollicitudin, lobortis enim vel, varius sem. Aenean hendrerit massa a consectetur porttitor. Proin nec dui magna. Suspendisse congue eros in nisl ultricies ullamcorper. Vestibulum tempus libero tempor, tristique erat ut, efficitur libero.</p>\", \"id\": \"4ef64b52-558c-4646-b173-f9ceebd19054\"}]", "date": "2018-01-11T16:13:00Z", "header_image": null, "excerpt": "<p>Sed et molestie orci. Fusce felis ante, tincidunt ac erat id, rutrum volutpat felis. Integer sagittis, felis sit amet imperdiet vulputate, dolor massa scelerisque tortor, in laoreet nisi eros in dolor. Curabitur eu tortor facilisis, tempor ligula sed, cursus quam. In sodales dui nec nisl accumsan tincidunt a ac augue. Donec a metus dolor. Suspendisse quis ligula vel nulla dictum elementum.</p>", "num_comments": 0}}, {"model": "puput.blogpage", "pk": 13, "fields": {"description": "Sub-heading", "header_image": null, "display_comments": false, "display_categories": true, "display_tags": true, "display_popular_entries": true, "display_last_entries": true, "display_archive": true, "disqus_api_secret": "", "disqus_shortname": "", "num_entries_page": 5, "num_last_entries": 3, "num_popular_entries": 3, "num_tags_entry_header": 5, "short_feed_description": true}}, {"model": "home.homepage", "pk": 3, "fields": {}}]